"id","name","handle","password_digest"
1,"Bonnie","@bonnie1","$2a$10$u.v2WPdKtWnuUscbn.RhhOMEpX36BVnQwfvGLCjjFZo1g3KNhQ9bO"
2,"Wilfredo","@wilfredo2","$2a$10$TmXDWsH5dvfUuCuNAg611OfnETtJ4CAf4Ejy6Ju9wszweu64drWEC"
3,"Dan","@dan3","$2a$10$DgYcJ1H2t6vRESs.K3cnf./HkndIVAmyPY./YVAg4T7075PwORTT."
4,"Payton","@payton4","$2a$10$803qNm3kPvyQgcqSw4PSb.hiXU2iBu/c6HiMZUPL3qHBgBJb8ZfpK"
5,"Idella","@idella5","$2a$10$R24jznSGzz17nfHjo9BnfOeuYVBlNEk8ITCsqvlnt3L87v0r.PKDG"
6,"Sabina","@sabina6","$2a$10$AMNtc2qnbDayMsD3LktngOmtnfAJjGfRFqWPzPqKbkRG6Pfp2Lsua"
7,"Edward","@edward7","$2a$10$hXdnGFS9glMzuVNBly//Qe1gzvg3WsoO6In7.V/iuPWNyNp/Ot4Ky"
8,"Johnnie","@johnnie8","$2a$10$sIk3jHYPE1Pn5BuVmd1ZP.Ee5ja0b.7Yx69YU2D73n74Ts55iWaSm"
9,"Randi","@randi9","$2a$10$N1ew5gNTsJcz4NOEo2Bl0.Qgw6ym543E1CCWipDDFZzRbqeC23O8q"
10,"Bryon","@bryon10","$2a$10$jpUpQACMDHlDGTyulJMUCe.QKRec3wbyA2QdTmV2AG3SMcTg16Uj."
11,"Marcella","@marcella11","$2a$10$ffnPsh0uR6fO3PhS2HvT2uv47rJDsvPTb0EBtkBXchKkK3jU/8cfi"
12,"Narciso","@narciso12","$2a$10$SLAK9K6CSTfukVDFaUth3.oKlWkWgFpX9p2KduM4ESk/A5ThdeGp2"
13,"Keaton","@keaton13","$2a$10$1sAFloL19YHBHL30xRSOXON9iKFOfvgBpFJf6z8z6JGXd0K9uyZgm"
14,"Verda","@verda14","$2a$10$rqm0IhZ4eXLvc2.1fwyUcOSLpvFAbQAtEqDPqkNi25O0rTqw7nFzi"
15,"Dee","@dee15","$2a$10$ElO.gLJyob9P.hGDNibg8uuGnQECfo2OpgAXnxMcB75Mq18MCLZzy"
16,"Joaquin","@joaquin16","$2a$10$7kfJ2EbwFmOf30F3CFirkeS9YyZQXTO9yNgSANtFq9oetjrqiZAU2"
17,"Shemar","@shemar17","$2a$10$Su1LgW0lbtz/9CYazoIsQurOhpJDbfJiEJTYqFMrLE.liWLLU3Z66"
18,"Jayson","@jayson18","$2a$10$52AOpNVu2PBeII9RvNqSm.HqHiTQTy7ZeCvAPZ4/cTkNCV9MCK3nu"
19,"Titus","@titus19","$2a$10$LOaDnzj/T1sBgtCJNl11dePnXv.yR4PGWCYUXw9/38pGQ2jl/FQQS"
20,"Dejah","@dejah20","$2a$10$FIG39SqkxEPURuMqpumuOuNKywiXWy1tB55jI/B9l2lswiGjJ3Vu2"
21,"Baron","@baron21","$2a$10$4ijQscJKWa..6dicEDE1LeyC.Iqt6oY9B75Frq98I/Y6xLFwtcali"
22,"Gillian","@gillian22","$2a$10$q6optyZq4A8eyvSJdahrqu0hviDvqcjmWEVSkyOiCvtSCeqc72bju"
23,"Maye","@maye23","$2a$10$1AAxzF9Ml7yDQ5QquViwP.ccgJBr1M9npI2Eo8/IdcZCNjtaHxPkO"
24,"Margot","@margot24","$2a$10$ksU2gYIyBdSCGFy9T0OwIePTZXpr3jeYe/v1t42TvlZgellPfCTIS"
25,"Vita","@vita25","$2a$10$bSoROvifu7A2myhzCqNu..bFcNN7K3dTHMb1poyjojDAI1b.mkJN6"
26,"Lucio","@lucio26","$2a$10$nclCbzToFuRvQE8WaNNLnObMbSUeVNdgTjyATkeqtwn.zGD6phvEa"
27,"Seth","@seth27","$2a$10$EGrN4191a.JWdc5vNT.TNe1nyytP777teUBT7bHAviGbNRHvJbCi6"
28,"Kathryn","@kathryn28","$2a$10$u31k1JuM8cF3U0nvfj2PPOA.QXB0GXoF8KybUrwiVyIG2t9fpk68m"
29,"Jedediah","@jedediah29","$2a$10$I4HPur1gr9aaEWF/39MIbOtzDJr5o.XV1gFof1NkhkGrZXHMgzDua"
30,"Janet","@janet30","$2a$10$YpH9IS6U4TW.R6WCpjWFMOan5aVUhvVBX9JWvSdzy1yz330NzLMEG"
31,"Antone","@antone31","$2a$10$sZdv/UBULkshT/V6PrmvquuUBvUI2ir/XDQ7GVp4UB7XB18royb96"
32,"Lane","@lane32","$2a$10$bWtMXVkrf6YUkPyUGDJk8.TcgoXe9yPReiTfKgHYUQjNs8uXpbPnG"
33,"Erica","@erica33","$2a$10$SrrwVrv9SHsPSKtm5Gzp5exQ5cmagTT8cdqFi/BRoYNamummoxCgG"
34,"Scarlett","@scarlett34","$2a$10$QMJtbOAHV0eSbl2x1PyPqeiQbERpwfOcBqAsZqoXtFvEVvNcuvhFu"
35,"Casper","@casper35","$2a$10$fsTQs92PtF52GHCf6jJbb.rgjvpykYcef3./g7OyEcZg6lHsqNep2"
36,"Maximillian","@maximillian36","$2a$10$mvM5saIbFRXozx8blfkytO2o.fA0YkvLFmYFxwAzDMJ858QIl3SeC"
37,"Rossie","@rossie37","$2a$10$FLU3EuDe1INcViCjBOEE2eBm6xCxu.xbotMhkfY2DtuBBP3S6NOPi"
38,"Jared","@jared38","$2a$10$BPe0NGvPBvYw.JAP5pVwLuu16FskqsHipf6sVGwgJCIYLleYWzJF6"
39,"Santiago","@santiago39","$2a$10$kgDgLCCdHqnsALQJkbX22e9mn1Np/hjfbsgoidOgzHBEI666FLGh."
40,"Napoleon","@napoleon40","$2a$10$kpBtqtFBHU8JywbvIFTLn.Qyh6kEVvQokbQ7pdckNjw5faWHkkrAm"
41,"Jamey","@jamey41","$2a$10$GdBOxxdhHNc4ieykQsAJX.TUt8I/29rfHoDM/d8FWbelhnD.N/Hae"
42,"Jacques","@jacques42","$2a$10$4TemHwmBO5DBIz6qh1h/8uw1Hai0EMxxu2i0z.FeaBkGC3GFK9H/i"
43,"Edwardo","@edwardo43","$2a$10$CJHSzDKVeO2sz4WBXOWlWuYKyKQjiOKYofGi10psArS4HwjrUvG0i"
44,"Asa","@asa44","$2a$10$PPzqRijofb9AfWAiMOTzNeQ0yipdzc5jNNftrXULx2UjiWWEMJLbW"
45,"Era","@era45","$2a$10$ropMN9ZUN3GwIGLR.JqiuOVP5t3vNiXNRlonh.XzECLvut/mCeDcC"
46,"Madisyn","@madisyn46","$2a$10$ClWsbAyDosuYbvNyJZuGRu4.QlWd6VMj90vcQUG6.JxyLfmvomvy2"
47,"Ole","@ole47","$2a$10$5iJ7mv7GyZQjp3IpWxnoVOma.3te/LD6zNkaukf.bstPk.KPQ27ga"
48,"Mateo","@mateo48","$2a$10$BqkOAA24B7bgSVEPKealye9XTXBxwOHnjtjJI8Vzwedy2Y8Vz5RGS"
49,"Eliezer","@eliezer49","$2a$10$OnKGl.awabFLIbnajJw.cuvsayhfu466e.qaLB2AXrwrt1B4cuECa"
50,"Talon","@talon50","$2a$10$db.xQbki9uofCCJ0CvGKjeiFBXCpWwX/5zgtWnc0IO4PXKX5ASlvq"
51,"Carlo","@carlo51","$2a$10$WDWJSDztmoB11YokaUGjEOiGvzHPj4scpA74HxV.HHTirRodMNudq"
52,"Korbin","@korbin52","$2a$10$w7uDQf1IqVXOX7e/CZkHLeoD4xuy0.1pe2WcO7tFqaNX3ekjZn/5O"
53,"Arlie","@arlie53","$2a$10$1dX66jbdhvQ6tNh05l.6WORlnJIUwd6KC2jW2hnvStad4JjSWFS3e"
54,"Haleigh","@haleigh54","$2a$10$XegUH1mv7tACo11W2/B7QOFIe3oq3stcz7OxK0kJ6fDBMgZrR6Uze"
55,"Jamel","@jamel55","$2a$10$Zr3gmSEg6JV3duS8MFfKjOUCm5fqHQDKOmmilEvqyAhg4KUX/VbN2"
56,"Torey","@torey56","$2a$10$BVNL4kte78smEfC5RJjW4uSGNRZiY5MC9Y93Uo/YgR142/h45VtF6"
57,"Hettie","@hettie57","$2a$10$AJIYOaRJ.XRsY8d6oN8LdO1p7q59/rndmRSdJm1ljwtuwMJY06HBm"
58,"Malika","@malika58","$2a$10$QCvRSa8ygNJgu8SEDWliy.WCRpTfwbw9QJeZXjEjHOjhZQUVFnQN6"
59,"Tressie","@tressie59","$2a$10$lpGwWMHHjcuNlfTJkd9eL.ubkkxBfiNRsHTul065x0OGmEMMARgFC"
60,"Tyrel","@tyrel60","$2a$10$j9FvecMZ8ZKv9X/j6Vs2g.JZuzC4ZS4AyvRy9g/K5GAMSnSIVdscu"
61,"Isabella","@isabella61","$2a$10$oiHHDEXdfd/j4lHCffH..eAMfgEp.22xVJzc2sziCgiB.0rVVc9A6"
62,"Clay","@clay62","$2a$10$0LJcP3mZm91Sb9IB1q3.2.24aKzxDV1pzPBun7v1Q63XVHBEJTQrW"
63,"Jerad","@jerad63","$2a$10$PMJQRQ.2czbRzxGQCYMhgOEenhLeNToAqwIbhigeOaXcN4OymHtza"
64,"Maxwell","@maxwell64","$2a$10$k8FHe/Lq6xr4It3kjsvuUeUDn67V0gyF4c5jRA6z1KT9ShZWGLkqK"
65,"Geovany","@geovany65","$2a$10$V3n8Zx0ICs.E/Dd6We2XBOvKMv51FCh4.yiLKPyN7NG71Ozk9px0q"
66,"Lambert","@lambert66","$2a$10$ZX4sP0RhR5uQkQ3kRxrZXe7MZpJChQrwzFbZ.o74hGO0fI1HNKmm."
67,"Bella","@bella67","$2a$10$exOLjjC6iWFTuxVS3slGqeqhfOzSUzmR12N8KshqwsxTK0jBzAoSS"
68,"Amina","@amina68","$2a$10$yEvMk/9ps.h0GDlrnTXLieAC6FtuAJ/dsVhWkHa3F6WLjl1F4TIbK"
69,"Ellis","@ellis69","$2a$10$e0YRpUo160o2xH08tQQ3leEYTV4SSn1ATV3ihISHqPqqaFaFPHUf2"
70,"Ross","@ross70","$2a$10$jfaJSQFLaDiMtl6hFPosTO9C53eP1L1ddNyItSNqZzIxG/EyddVk6"
71,"Virginie","@virginie71","$2a$10$Da4fTiWwQP5peWQkCAlFU.wQVzKB6q4ZHrzHNQ.uFmmPISrLQ63/K"
72,"Bessie","@bessie72","$2a$10$3sdiObjwB87L4lccmoq.mee8gq31t4jDHa8Rvu1CZGpLM3Jnp2QEy"
73,"Gregg","@gregg73","$2a$10$RTc9FI3ZzjjDNp8bQ5EPLu1ocZBMtj5kxuMSJGSuHwcO.gfdfXik."
74,"Nayeli","@nayeli74","$2a$10$vqPkfJL7en2ez/M4enogg.CqnucnZioceE7iXun.24cxM9G/o0rdu"
75,"Dalton","@dalton75","$2a$10$k/MFec0aU/xFH4ML0AEfMegIE.DhiHRIBp6dURVQ5Ad/r8VdvRJi6"
76,"Martin","@martin76","$2a$10$ANJw0Y7DgE/jE1YuZwxMwuWAwUIsRvnukerS3AM.HiHMpcEbinIFq"
77,"Meagan","@meagan77","$2a$10$wan3SgNSetzRlgbHJkWvkOo/wVDs3LrUyMCtz1LQDHg5mmie3j.VK"
78,"Modesto","@modesto78","$2a$10$V/jrxYQ9kwXJpwP0r27fMun6c2ET27JOWvrXcSWLOYksGQKdoZ.nu"
79,"Abdiel","@abdiel79","$2a$10$7htwcn0HymQQeOsIcuTXAee9ClL5IO3FzhAhpIGZg.CvA/Deps2Ha"
80,"Virginia","@virginia80","$2a$10$VtX4BoYYjiMYCZ9wBPtfXu2le0XapG5421Sh1RpJfGg9FuHzz8Ynq"
81,"Mohammad","@mohammad81","$2a$10$70yDyLwwUGuKP0DyO5dnKuAGJdODEdt9any/E/5tp/Tm.0F1BkJh2"
82,"Dolly","@dolly82","$2a$10$Ug3FJfngnKpMwaXrq6RbcO1MxL9n3opaNh6SI8rXVpLTtAxSLSWf6"
83,"Friedrich","@friedrich83","$2a$10$fBkW0xIgWHjJEcxu5BzhJepztqWrckhmZBwZTTucQySwlFKYg7GK2"
84,"Kelvin","@kelvin84","$2a$10$u/nE4abAM6NrzCTA9NnAhunX/i2l7fekeyhN/EeV4YOWKeyCl0M8."
85,"Josefa","@josefa85","$2a$10$MMBqcv0sBXqjHfEUR66LkOVqR9Qk7U.lEsbBkf9YvdbXmdC31fRfm"
86,"Bria","@bria86","$2a$10$As4tofx23quRGrVm1tnmUO.OkTgmimbbLaKLqTpLv2uhOGdSZy/O."
87,"Kennith","@kennith87","$2a$10$8JxKRsiqf3My/0fo18vUc.LXzjmJIm147RG863W2yGzKudKlsbQd."
88,"Summer","@summer88","$2a$10$YBFvl9EwRGqzz2.b9yFiy.MH3ryQXZF3NuzYsLm1Iw/EMSzLgqwTi"
89,"Brennon","@brennon89","$2a$10$pq8dBFwfG6NssZObqqgZFujOA4S1.W7SeyMZf4ig7TvSMHOU9EuPe"
90,"Noe","@noe90","$2a$10$HDIQVC.l68MzILqkC3yIH.D065eR4SN/6K6LNQh/nPCnF7j2Svvnm"
91,"Ova","@ova91","$2a$10$zx7zoDnzatcHGwIH4WYyGuZ.1ya.KplYLWQwUJQwBozfT2Wv87aHC"
92,"Ansley","@ansley92","$2a$10$tm7gZ7EZIWb0xN9klAimFuddfrihyUuW7D7U94YKUHAgGw8P5fGNO"
93,"Kenyatta","@kenyatta93","$2a$10$ft84vfHbUVHouixe7OSEfu.zPE6LOageCl7/YIC78xszDxlv6oKJW"
94,"Rubie","@rubie94","$2a$10$OuV3fQTYcC8UH7K9h9uKCeQoIZ6UJBJzuAmlkeLNdItmSvH5b/126"
95,"Avery","@avery95","$2a$10$zJ6Ji5to1HldZ7G4Vd4gleOWTMkwQqNMN2O57.s11oHNxtiEfnQTq"
96,"Elvera","@elvera96","$2a$10$imBfANNFrq92U4CXgGG6t.6M8q2g2sZ8Zv.Tch14U1r9Q4z/KVBWm"
97,"Britney","@britney97","$2a$10$UmAvwC74MiDsrR3T6rkmsO/RpeEfghKps3vBg1jv4cRF5nieMmJfm"
98,"Theresia","@theresia98","$2a$10$WTEjtG6Jy1FcnMWRUQaQAeCSdwaAQ6y7J7PwT3yAdgBkE3ehhMOT6"
99,"Jordi","@jordi99","$2a$10$NYlMTqHHCCn/0/ph6tODn.uoqB8tvR7/6g7XKdMBY6AvsK2oXmfwC"
100,"Shanny","@shanny100","$2a$10$dBajnCm1r3Z6NZ0DJwNmh.Sq1LyXMn8lqasd4Ugu9WpfAbelhw84O"
101,"Eldon","@eldon101","$2a$10$ihU3U84gxhZXjsMRr7oTq.p4p4QzT44O2osOailTrZb/Q4CsWx4wi"
102,"Mario","@mario102","$2a$10$4PIL51wr85.ISU0JUG2VOetXhd9wxQLVWbGz1aclwp5zaGjGrd0wy"
103,"Sylvester","@sylvester103","$2a$10$gQLQPakrSE2bA3vh/0BxLOHzEZZBGc3/WCUplalQ1AH7Fq5K5cuyy"
104,"Darrick","@darrick104","$2a$10$3DlozdC4z6QPamVccmf.OuK.rcMLyISrTGQWbE6pR9GFqoYMorpYS"
105,"Nikko","@nikko105","$2a$10$W4i1Mo4/PXc9t5A1VqAa3Od766twkPLvuHG0wuCldRuqzfy2yqvCu"
106,"Mac","@mac106","$2a$10$zYCo1vcz9hSIotaHuJlL2uxksQMhY4uEk7DcBU70SuzaMyPZDrfKK"
107,"Paul","@paul107","$2a$10$/aUW3tx1aOC5DXOA0JQNtuX1Lz2lK2cXO.k3FyL9b5x1YPgtagejy"
108,"Lorena","@lorena108","$2a$10$vdYLtsupalLpLZNgnQul3uT4IHI//iDqxEQsUhYxpmZCSqSJwlqhG"
109,"Ewell","@ewell109","$2a$10$nSsVOX6pQJP.D0C0rYRIY.GmCBmZ3QN071Loy28CbT7V/SWIKQoiq"
110,"Hiram","@hiram110","$2a$10$JN0H/Son3/tsnlqIhE4tpeke5lO30olq3qyVdfcY0UdX8fR.PYO6i"
111,"Hilma","@hilma111","$2a$10$R2H17DHe0LCw/kzI2vJAfurpJJc8CQggw0CmHA3Pyv8AesDwAXB02"
112,"Zachery","@zachery112","$2a$10$y9U8CWfWYUxmXVvSDBl8eOLehEwR8sGVMEvu5OOjqsjw.E2LCf7My"
113,"Vern","@vern113","$2a$10$JDCTYcudFvDId99i9ZWOk.9nOtNa5OjbiHBtexd8XMF9kp3AAbBQG"
114,"Barry","@barry114","$2a$10$H9hX50ye0KsCWzHq7CmLuOSatOxfFr54uWzVyj1Wcy7fcKl8ZtnU2"
115,"Simone","@simone115","$2a$10$HvjC.v9w.RpmrRj7/brpaO1H3eZRsd6ygVEV1fnZbcd78dIUeisxm"
116,"Maurice","@maurice116","$2a$10$MF.nlb14itA.X2mYDSAEYO0/gPjr.vRIsLV7JjuOSolEQ6jZr4uVi"
117,"Lenna","@lenna117","$2a$10$1CLy/B4q54Yv7gHX6UgonOH.CYSJBoCYmW5sLwXdvJHP2CQlYbB0G"
118,"Davon","@davon118","$2a$10$OaGzT04vGHg5OkA2nj1zSeCLvxhsVmmRu2v9WzMd.tFy8dkN0n6Hi"
119,"Lempi","@lempi119","$2a$10$q9Tfv83uhkq.Twv/ZfnUH.gCzNKBn62SoU9frRzjHixe4DaUxzcB."
120,"Ocie","@ocie120","$2a$10$kjj2uANtfdxpZ5oYwJSUcuLpPmQBcYK/cacw3SGu34nHCrTuSgfkK"
121,"Sonya","@sonya121","$2a$10$hjHNkOzk7Oq8.63i8X/I2OQEenwLr/lQAM5oVybNCQ2WO0RrksAp6"
122,"Elbert","@elbert122","$2a$10$T5o17XJ8/cIWkWu0dgcnRO29FXEh6TQbRc6WC90eg2wcbXIEWMztm"
123,"Justina","@justina123","$2a$10$uQ/P5oLBx1/1nreKbuUG7ubKhq6FuA7xx9o.b.4TInqZY1BrW144e"
124,"Isaac","@isaac124","$2a$10$5f5No6TgcmYXKfnMfvvbJu4P6BqXm904/EQPIFTLD5ozsMIK.ywqC"
125,"Carter","@carter125","$2a$10$oeW/hxzOIhGSlbOUlrQBAuIg2kM9q4wjpNJT8g/e6vSWXaDvmT3r."
126,"Clair","@clair126","$2a$10$p11nYIaLVQgwFfPykVJMEuFKwk7KyGlJwv4ensbMpMAiVvLMkIDqi"
127,"Braxton","@braxton127","$2a$10$3tGQQGp6GMNTdE..uDA2xuyw.1FQABOdaq15IZiXs1QAntKcgS5Qu"
128,"Holly","@holly128","$2a$10$eDA4HrCmj2RjswVMSE7BIOH/ctAda.WvaUSoXHmgZPcvSUZ0kSuku"
129,"Gino","@gino129","$2a$10$dILqtUlQKDcjokz/ZGQqZ.CtrCax9K2S5X77hfDWHj5kAjeRIy/OG"
130,"Cale","@cale130","$2a$10$kddrtHQ9yeGTHn4HAgjlEu4iGebltTLd/hhhtWgewz/yHe8cDOcsi"
131,"Kali","@kali131","$2a$10$HnrogOAEresIhB86Y/NpHukOdPnKNobA5jwHf.EuRztyFq8a3JMhm"
132,"Graciela","@graciela132","$2a$10$3AZwFDNgOb6k.2JCiwijtuJaJelm559h/vep4LtmyMGrphO7Hnw.m"
133,"Jeff","@jeff133","$2a$10$Nt/b4aLPETyJA0E8DoOZn.LZkDAonExBTT.p2lX2sKgiTb.XCvmsi"
134,"Anais","@anais134","$2a$10$arW9OfVfIDfiYkqjJM9Fr.zAJwaKX9R4QZ5QgtaJ/bH9vBl6rFZ6K"
135,"Hassie","@hassie135","$2a$10$J7fiJaH/KI02HIXWGuieBePl0i5n9zevJvD484Z315C2Ee609U.0m"
136,"Robert","@robert136","$2a$10$lDfHuEizFv2d0FNFv0qHPuLbebTX7PQnhgzZSZAQ2vy7xgQQu3Tba"
137,"Sherwood","@sherwood137","$2a$10$ta32IPUIQkwEI8oHSSu.Ne6XHBGCyta3HQUMyxo2dULzU2RE3L6Ge"
138,"Zackery","@zackery138","$2a$10$PNdclYiSq8spnIV3g7A6b.fDPSrIwYiUWv6Son7AdulqTgBiW6cnG"
139,"Germaine","@germaine139","$2a$10$G3bWmATU8qea0.sI0K3y9.OhLR8kRIGSKhkskC4WJF78Eqpb4yVWm"
140,"Myrl","@myrl140","$2a$10$c188PihLY7jTbTGzEdel2uppbMix/CLg1XNmBEks95XDJAIYpzeAe"
141,"Katelynn","@katelynn141","$2a$10$fjIsDNt28yXr7xgKgUIv5exSRW9bgP/byfk0RPjZTrFhtmUMYhMha"
142,"Gust","@gust142","$2a$10$vqZhJNfjEstC0UlGvlqoY.c77AxucEZVEr8nBBWn0ZYtn0ldWas1u"
143,"Stephany","@stephany143","$2a$10$ckiqnCo/wMUsXPOsiXoLPerwAxfjR/89CcnHebNBn7A.HdFGaAN.O"
144,"Retha","@retha144","$2a$10$CtMJUWEViCQEKp6lUgi4x.muDK3m/kDOczN0mwSAz4R8fjhwNupd."
145,"Makenna","@makenna145","$2a$10$9p8E0Ae.j0c/H5r.HvfqRuBZu/a29quZ.xeSJEDXwnpR0tk09ORYm"
146,"Kory","@kory146","$2a$10$.zC2QSEwUly.G9/gJJRVKuogmuYZZ9PiZjUOUr7MovFVq1Gb/0G6K"
147,"Terrance","@terrance147","$2a$10$8Juk2jg7Nqhge2bL.QVs.ui7ofKD5z.VwB5S0cL.j4pV9H9oy6ETa"
148,"Jacynthe","@jacynthe148","$2a$10$BtDBpXDtcDF3ERu7UP.yQeigPe4OgASGR8mLvSr1h.cLYk3CN1AXW"
149,"Ressie","@ressie149","$2a$10$jWiUs3DizOA.mP1gWwPfr.788TvIMuIe1KDX9c1HnbvFtbiQ0ctS."
150,"Felton","@felton150","$2a$10$g4ybEdNp410BORZBCaz66uLi5XrJqIg8t4aESTzaThr9KewLHyBym"
151,"Jalyn","@jalyn151","$2a$10$bJOOQnceaVoZf7wXi8Gj/..BwPtleDvxw7RXh67h4i8q9c25Bq5BS"
152,"Madaline","@madaline152","$2a$10$2IOEWluHbUxt.2m6MfLv/eAd3R7fBRaK0gvw1RRokO4F/ZiW3redq"
153,"Enoch","@enoch153","$2a$10$jKDFEaQ83eyuNMI9FLDxdeWklBom6io9WIHMZqxX0RHlUdQaTa3S6"
154,"Prince","@prince154","$2a$10$69PBGbK9kzJlCWiKjFQR..YnYJNg7ozQfOWY0ZS008GLZnjFh.C.W"
155,"Damian","@damian155","$2a$10$7dJik6AhqEw3983CVC2qWufcE3rpvU/1xkW8LJ1u3pnVLV0brTQ5e"
156,"Christy","@christy156","$2a$10$F.hO4OxgMyZuqmVcMm7txOUqj83apxH5lQyO4JQz7SBthdAP.x/4C"
157,"Ransom","@ransom157","$2a$10$KXZ4rDW4Bbx8VvakCydgkOhmWqAtldjujnElfMhClsyeDoe1fDn32"
158,"Dimitri","@dimitri158","$2a$10$A59uxzWtRC65fvfj2fmOVuSxt4MtXxuWZ6WTA.uSd5dxfO20bkM02"
159,"Clemens","@clemens159","$2a$10$Q8.PzROCLJI3EAfO5chW9.zQgZNiYbgr7rGFv.PSVvkRur0jioQ/6"
160,"Vance","@vance160","$2a$10$67vxA0t1FiucnSfVfEXmTOUyG19jeFVPz6L9xf.FmrzTTzuMOY0GW"
161,"Mckayla","@mckayla161","$2a$10$h3Mrx3vaBvYeP0PC7nFEJuPwUipawXt8icoW9OtrHU0IxUImApU4K"
162,"Jadyn","@jadyn162","$2a$10$G6.Ag6VQdh5yZQ7VITz1q.POOnfvlkTXY.tyNJu.qnWgWPqVTMd.q"
163,"Marcelle","@marcelle163","$2a$10$/zqv/w4EJYFehwLARfj.t.r3Co5fqOEqVI7zhY7lebu63gmbUHij."
164,"Sister","@sister164","$2a$10$egCf1AxtnGBSNBkJ2GCkbOItjLc0C2QXBEr17T5.OnfuOO9SCwDxa"
165,"Troy","@troy165","$2a$10$2Wdcq2yg6A4wGqalZXLTc.q04m6l8c2eDqH/yydCICksci9pDGE.m"
166,"Ardith","@ardith166","$2a$10$Cy4JoX7kg0FxoYvpDE8O0eQf0pL22BTM0BfHRi5sfCsZD908U80Be"
167,"Trystan","@trystan167","$2a$10$/evPrXw70lykAVP119qX0u6muZ5GaQG6pxgF75rgtfBBZjQAe74nG"
168,"Rahsaan","@rahsaan168","$2a$10$HOtG0PVv58yRPAlHPWRAIe6OEIeDTaSx5aUe..pE2L37mbGvPHOq2"
169,"Vergie","@vergie169","$2a$10$O3Wwm6x8rbqZrXxcRm7BNeKQpNzLP1OcxJPd.EB7jdGreCBvfzka6"
170,"Taya","@taya170","$2a$10$/foz6q0CWmb3/CByuIyyLeOS6ZdVZzcUUOC9EdDhxA1jddOHfwyF2"
171,"Reece","@reece171","$2a$10$LTW4dLxQkBxMpBkvgFRxZ.o8mJYmTKFJ1D0JYRdYrma4BrdlSxxkO"
172,"Malachi","@malachi172","$2a$10$JDDh0m1dQ8MeUdzzULMTROgCD0LlPIWc4zvwnaBXb5alQjN0PlmkS"
173,"Salvador","@salvador173","$2a$10$NC.7sE1XTbzDduZJbyaqKeG6fLBiax349kEiDfDJoNyJZWM1hns22"
174,"Hulda","@hulda174","$2a$10$TUtzGp9G1eqY.a0rxVTk0.V9/gy/cr4guu1BfbwjqzBCYLR3LML/e"
175,"Aliyah","@aliyah175","$2a$10$clNB33WVHq5t/StI8Z9AXuWvjksHnyMquADAOfSvnezM0hctuiuKC"
176,"Sadye","@sadye176","$2a$10$XJrkt0zG19osCHAmustBguRHYg9fBaVmqkZymF6B7eObnEWSScUQm"
177,"Carlotta","@carlotta177","$2a$10$6yKDmOZBoWegoHs3wsslvez0/JXtJIcEKGgKWZP2VF5Pn4xPWSjYi"
178,"Easton","@easton178","$2a$10$TIDHzC2DxJ6H2pHkow8RzOd9PRcxoaU6lqLIiRhC0CyynqxQ03zXu"
179,"Marty","@marty179","$2a$10$NKuhd/hM/Py5B4Wu6qV5YeHEH1rgQJBehHgEQNXH9VdkOpRp1Q1im"
180,"Dusty","@dusty180","$2a$10$861kmKbhyPXcd6P49o9cy.7ganFlKbqiM60PleybN5kBlHC1obSsK"
181,"Bettie","@bettie181","$2a$10$dE7QQMlr3caFi5uSh/E5AeF5E/ZETM.GCQEEmYWNfJJHW90Dq.Zai"
182,"Pink","@pink182","$2a$10$eEPhwesdd7wpDcE2k2bQgO5DWAnJ6LR2sQbn3Xuxq88hkcQfl/r52"
183,"Domenico","@domenico183","$2a$10$Rkg8YtKcWVGZxyeUq9/Vgeyd6bzHlvKisWHQUS/NFD5CJzHT4LyX."
184,"Cheyenne","@cheyenne184","$2a$10$2ZyFpl2mrqyaXxmsGtPVl.RUt84bAe28okRMrQ0uF1RsJ2p2Sx87G"
185,"Vida","@vida185","$2a$10$SUV42xKFlDQK69vz1KEuHOrJKStuXKwzUfgL.M/b3zXLy2IWNBz0K"
186,"Margarett","@margarett186","$2a$10$Ao82EdZA0mSXR7lSqvSe6O57EAzNVPXUaSd45ElS9jWP8GH6avnt2"
187,"Martina","@martina187","$2a$10$iEpkQ7V5FeXu/cIbpROPdOgUVTfT7CRaCIm4rX81Gd5XE8I5gtd1q"
188,"Candido","@candido188","$2a$10$.sKrdjT5uzZ4AnruditjZua4e6cwvsat0Iw2IxUpzcdA5C1PxDf5S"
189,"Alize","@alize189","$2a$10$vAdXsCnEbLNqXpxyekIJKeASuvzKoFkIl5W1An84zf00wepD.B0aq"
190,"Helga","@helga190","$2a$10$/OzU2WYrWtOnu56MQTHfzuxm2Wr.Bsdk9D47Rjf7Ka2Z/9f3el0R."
191,"Cedrick","@cedrick191","$2a$10$TQy0sUm9kqykmDGR80/U..tYiYiIKaKBz3Ixq96975O6chmDt6nZy"
192,"Aiden","@aiden192","$2a$10$GKZyMl1fzJePtk7sYXh9Dukir34bvShjufdtTEOsBJ6gzYqIGJI9y"
193,"Vivienne","@vivienne193","$2a$10$QhdbkXx4Y1aVJKn2hJXdEePHCtQIuYzCeogxJ.T.Tp6jHtfCmf9a."
194,"Jamaal","@jamaal194","$2a$10$khfkFWP85GX3U8hM26m4HeEUklVha485aaQjO2WVmQ3NY4H6MHWoK"
195,"Misael","@misael195","$2a$10$xb1dEGQTj/UAX7q.2tvak.jMF7X3PDnDn.ITMwfNTlstnK4LPBaw2"
196,"Burnice","@burnice196","$2a$10$OtaOk44Q139W3G/cGQmYzeMfpmCpo.47MtIyI/Kw0fg8y7nKENVDy"
197,"Devon","@devon197","$2a$10$PMKH386ksTKwt/Xy2lueie9WIozeL/blZUJD9jkaHjveFsDVDsbw2"
198,"Wilbert","@wilbert198","$2a$10$0oesh.p.4lbn0OABwuxgZu0FmW8MpvtGqJiurU1tHyOZLfdo0hasu"
199,"Maymie","@maymie199","$2a$10$2f5rirNc6b4uMjkzEeThyObXWMTtYrbqPj.Z7f4RuCAqX935vxmEe"
200,"Rolando","@rolando200","$2a$10$it3nQXiKMCWon40EH65J0OP5E1SIFGOERr.cSlFAtPtu.xnoda0.a"
201,"Lexi","@lexi201","$2a$10$NaM462r9Qra18kYZ1whdkuGpWBkOcEYkoChoxnvejYcje8s7flUNS"
202,"Chyna","@chyna202","$2a$10$FW.BxCeFhYed7k44bAvlwey0bjoJs1x5k443FfGsWMNmcOT.a3AfK"
203,"Gordon","@gordon203","$2a$10$SdjDUspF8vIQ3wLYyv4oq.0TxmZbhDwSz30lYG.XiE/FaEd4Wh4Fq"
204,"Gaston","@gaston204","$2a$10$PCmJEuWbFLDiuZOCxwr8KuoJSVOipAr3t4pjHYUS.bjoV2jROSo6C"
205,"Margaretta","@margaretta205","$2a$10$5MKM1TKZZkA0M7zELlHjAOts7/4JCGvsPXsKIdzh/P1Vx2AYCEvVO"
206,"Adan","@adan206","$2a$10$.r1Ud.W/0bDCfLt6TTA2de00/Snc0yZUYE7D9mNfr1MQVXNrl3IU6"
207,"Marcelina","@marcelina207","$2a$10$jc2GcFVZAzZi4SXBUCeN6OvfUUzyFLBnk61l4iFI0ieN61oF8hWI2"
208,"Audreanne","@audreanne208","$2a$10$mzKAZhGwWlgua9aMARkbL.MOJuveOCwrKcIR2.bp43yIjLm9SKLOK"
209,"Claire","@claire209","$2a$10$uzAn2qcMTR/t.IolKn.b0.ngmMuTCLkA9DJfCSA7CuDL347NkRL1m"
210,"Delores","@delores210","$2a$10$TasOw0V8Ko0MNVIwlFcsfu0NIXiSqqlcwpxYqcjajtRO3CIZhsbYq"
211,"Marian","@marian211","$2a$10$oFPc2xDmkhey4MrSSG2uLeYQO3/wfw5ATZJeH5snp7LTdZvWk5E4O"
212,"Sam","@sam212","$2a$10$B/LfiEa94nqUnq/bKmGUFObXo7khtTqeVrGJJCbtIW0rQG8yc27w."
213,"Elna","@elna213","$2a$10$h9camX29MT448n.Q0oYXZ.GIUYoPS9UQu24WfWjHzkD/RNy4sGHCS"
214,"Jakayla","@jakayla214","$2a$10$fMjG7XY8Hmpiyl9Ow4KPduYMCDftnPA9.r4AKQtha1sAlorjIa35m"
215,"Elliott","@elliott215","$2a$10$zC4CJCa1qmGL/0KMSJ6Y2uE8GHlGO8BcS/7z7KTphLmxV4Ud3OEvO"
216,"Jace","@jace216","$2a$10$/n85NEBsR/YBhKDvbtm5aehw/uLYZpwF3rOyNllyegLC45113DSYu"
217,"Cielo","@cielo217","$2a$10$HvBV.hUw2nto3LmB5q3K6ulALG8dYFpwpTACeAdIC5ynRLYjXAnii"
218,"Jeanie","@jeanie218","$2a$10$DCGpXWtjNbJlaQf4X2f6Ju0A1trc5xapFdbwY7yfo8UEqRwS9pJzq"
219,"Ignacio","@ignacio219","$2a$10$0IhDv8mrAoRiKY15WjBWoeCXOI2RGShgP/.2OGfYMY/sC14VXfrY6"
220,"Cyrus","@cyrus220","$2a$10$koq0rMpRy33snDDtQV/78eBYtGDXIzPl6Kf4Skkz6tzO4Ff.iWZpe"
221,"Porter","@porter221","$2a$10$P3idmNsxEf7ruQ9ErtRR0uOSuBiFYw6X64IRQVRtzllX5TNBXtve2"
222,"Otis","@otis222","$2a$10$Ej5FOFplfTFAexAAeH6rjeyvKjWKoDddZzo0tb556F3teRrA.2wI."
223,"Chanel","@chanel223","$2a$10$sNU0ErASO42dRFmo78emCOjikRHyVE5gf9PX8EQmlXSn6Yrf1R/gi"
224,"Matilde","@matilde224","$2a$10$2DcQouESdVVoU5QoskPSm.WWnG/yjYMcNa4S9Y04TwqtCMeLKc7xu"
225,"Bradford","@bradford225","$2a$10$nTQxcIqB9s08wH16n7mpQ.gDtJyMn5jgmwfsRweibSoujkYmLbkTS"
226,"Eladio","@eladio226","$2a$10$7YJYtwtkw.XdJOmPVQzCOuPosg2jGMJiM7Hy9uGn3/DFnPevpR7Hq"
227,"Modesta","@modesta227","$2a$10$0P6bjRu7kG3Yi0qvpNk9U.GJjdvC08hmdsNtdgkjAixI5yrslo5yG"
228,"Alex","@alex228","$2a$10$fVC30jDLC5T4Q3QYGUwdNuHsO3ecfmPeEaWftS16x8tdFFtt1Bbg6"
229,"Lincoln","@lincoln229","$2a$10$Biexaf3S8ohe3wmSyP6TVuif1IBfmSVpm577qhtNeGcEt36d9OeC2"
230,"Camila","@camila230","$2a$10$YqJw.HvDdGv62hrxGzZweOJ9mrH4YodXEWnFP6sOXBK31uaWJ9WS2"
231,"Wendell","@wendell231","$2a$10$rdII01H9iw.h22M4daF36OVhPdD3fEW8VwOuykVAapZ4FwuRxVSrC"
232,"Amir","@amir232","$2a$10$k2gjFAphghp0ZNAYF86U.e/Nzajz9GD1H/OvrG2X8jnAaYZ4KwOMG"
233,"Gwen","@gwen233","$2a$10$jLwmGyi.LU5EwUJrwEI7XeCueEGCu7JZTxIx5NwlJBHlGihKRXVPK"
234,"Mariam","@mariam234","$2a$10$usyqY/l8duBBLxfcsFNgLOfmf/O/2p2nbFWTKdiYgnRBHqYdqOFge"
235,"Libby","@libby235","$2a$10$OzzK8GkJ5d.d70yDsMOTruuYgso8MD8g.r3JbBRRG1rO.vmru68Da"
236,"Francis","@francis236","$2a$10$eSH6qz.QBXo9lAD/.V4hgupO80CjKaA31FJgvF3zGyULNiHGBKWHW"
237,"Javier","@javier237","$2a$10$6PDvFPxfwyru1.nKPets1eqmwnMSjF0QYQd3/E/D0GVO8jYjo2lIm"
238,"Felipe","@felipe238","$2a$10$UReHf26niAOV.7AKEFCj.ugF756g2UPUe/3x7JHYkCUKvOQD7ExEu"
239,"Lisette","@lisette239","$2a$10$H1dv7JpBJSTjCN98IUaXmeLqButP3v0HDkQqZryEpIoLgconAfjsC"
240,"Sarina","@sarina240","$2a$10$/mQNXABnjcsXVIQHS5GyTeOpbKb1RbHXQeiLmPRo42k.0VAh8tR6W"
241,"Harmony","@harmony241","$2a$10$E1.7KnlzuLNXfvdZIr5WYelWdHQ.tmeEcayMsUFiZzJmirYrKjM9i"
242,"Desmond","@desmond242","$2a$10$3y7JrITNw5GSJirVRkKMNu6BXyVlBSjOajxu64rbt21P/vyUGqLw6"
243,"Celestine","@celestine243","$2a$10$Fa01l2G.6VepV42k2/0N9eQJZ7fHjFnbLzVF/bLdtosI9TXyCaUBi"
244,"Minerva","@minerva244","$2a$10$xu28kgNA6RitcTJJWwaU5OX3ESK6zmvWqbgsyjAHLwYVOV0sYtr7m"
245,"Alverta","@alverta245","$2a$10$y9OgO6uP6/VD8i3kr5SoJOELl6cDNldE0VsVXJffeIzLOUX4tDyxK"
246,"Eryn","@eryn246","$2a$10$AmGTsHTOS1obJNvWabtil.b9KoHIkzdG/0VwB1Q/Gm/zB6SIwK/.m"
247,"Neoma","@neoma247","$2a$10$YpQyoPVxLWZ4GOCVYenjZuOihw.PcDEqkD1JwAKw2doHH8mamGT6C"
248,"Leonel","@leonel248","$2a$10$ElHQyVW3uoLWY3t9Jjrd9ebqQ0t2i25138.IHtsRYYx2X.qouxGK."
249,"Baylee","@baylee249","$2a$10$KlY2qMNrxd6GDizahJx26.5fbANhS27/68DpLhfM3pvpMMiov1ZxW"
250,"Golda","@golda250","$2a$10$JCHIalYUGEFVcNqAIuOCJO4jhZNlA73r7J5BKjt1ryAzs3tRygleq"
251,"Evan","@evan251","$2a$10$MH9YX6kzdVx6qnZCEWtJy.9y2tddQQ6nhS9ktj.cKwN8y03r0a5Im"
252,"Monserrate","@monserrate252","$2a$10$Ij6e2ozqeCyemwSD1ZLqAedPIea6bP.gltTKkN7bzYqwn/FB5U8hC"
253,"Conner","@conner253","$2a$10$KNVpZQ7FI.D2oaYF2PPfuuDXRn2686oYcENrtvSPrdP1O6mAWeH22"
254,"Zander","@zander254","$2a$10$rWcT30JAtJ7YWkK1ozx/LeRIYwW6Mp/HT3TjYzy3.O5obNt/2CO/i"
255,"Gerry","@gerry255","$2a$10$HPDPNRijZRe2fGYRiUxgfujQoU7lJn/TAe7trdigvLKSSic8nIg5e"
256,"Malvina","@malvina256","$2a$10$HJ/DLRBeAU6nU4kSCaHEdOYMSUXVjj70GqVW3iYKletCgs8ZAL4Iq"
257,"Harley","@harley257","$2a$10$rmeiTMCYq9mWqMYj9ZLqTeGS5tHFxSNkEK5iBqyrEOsSdyB7pLCM6"
258,"Genoveva","@genoveva258","$2a$10$w2/OynLpXCSxRgU7aZQFT.0AJB1ArgtW..MCyxEaBycdPccbW52V."
259,"Arely","@arely259","$2a$10$8WtBFVyuXKZzsEjvhinAI.zUaULJCc2AZVX6XVCbXZHZAyHMNbTre"
260,"Winona","@winona260","$2a$10$8zA4HgQevWMLJukZ1TgM3uZpAfYP6AS7xZnaJxdTIox2co60rd.9e"
261,"Laron","@laron261","$2a$10$TJ4LwDz.HuZqXrdjhf0ou.gtun53l5O1Q35pOtIHr31ZiKW8XRazO"
262,"Euna","@euna262","$2a$10$.0ZCPRvJLNyIzxjGGFpb0.Pc2eaH5z4m0nCaOAZMT7slps6oibQBC"
263,"Ashton","@ashton263","$2a$10$E2Ria9v5M7RJmop5QdTrWe/9n1MxGgdNNPsv3TsFYwaWIbK.DOg6K"
264,"Valerie","@valerie264","$2a$10$94dwfQr4zN4vi1W.tWUS4e.o0/37RnRdu3.23AFru5TVKbuEuddOa"
265,"Muriel","@muriel265","$2a$10$ClJaWFgnwbQW.DKkbMa4me6xXNJw.v.LTgI0boNwlTx43sVQZNcyK"
266,"Arielle","@arielle266","$2a$10$eyTHZ7hpH2U6BmmekFLMguhsC54Sx/s/19FNxCEK3jjiHbC6FeT5y"
267,"Harmon","@harmon267","$2a$10$NdfBBE49aqcBU3TQy0JWreTJQKcCTI/cBYd1q21E1/cqzFkAESvXK"
268,"Lacey","@lacey268","$2a$10$JidBYjxjRuijiNy4x0C72emmZSNv2yH2tdfjwl6mKdblz6vm9zJzu"
269,"Lucious","@lucious269","$2a$10$DPveny/tFpltQAg2doBY3uY5tq6UsrmZnEoZAyrTBG5BNLhtzqiBC"
270,"Kellie","@kellie270","$2a$10$eI1m/E3hHbqwL1sxk1NsEO647xYQzdgjdjGLt04aJn4jm9VNOUbFq"
271,"Andy","@andy271","$2a$10$OnoO5eZZ.HUAwILYezfTfOtUncO2kFHowfhqb/s.ovkEj6Asa34SK"
272,"Vena","@vena272","$2a$10$yy6ziJLxSd2WZDAHeZXC0uBzLrv96FJDp9RVj2.BaitqoUJ.1ly1y"
273,"Brian","@brian273","$2a$10$/ZphzxbbbnW.BuAQM7saLuWH07u4u/UPrp0bjLYCpiB6N7XCG50.C"
274,"Christiana","@christiana274","$2a$10$j8fxXl8pf5vrNnu3hdmXZebFp5ho2po2YK0MTswqTzmCHGzBtv7bS"
275,"Michele","@michele275","$2a$10$lQKGvX136avx9Pm5Hxj8bOS2Cuhw4R6G8StOBzBiwY2U/b2JOSoXO"
276,"Mona","@mona276","$2a$10$IfH5Y92UWlN9hiqFcFxVKOolQNzWzZSPil7hcj63sGuL7IOTTSQeu"
277,"Kenny","@kenny277","$2a$10$F.kUWUKrGyOoH4BvOmsnee1I/ccDMRelJt7MFJUy8uLJAF23E.4g6"
278,"Osborne","@osborne278","$2a$10$GXcgnD0wyNfsWUQcJ/v7Je143k/ii0X9H7F7NOzuLEsVWsVycfur6"
279,"Norwood","@norwood279","$2a$10$OpP78Kwf2DSrjnBpOh2uu.e71xt.7KVm.g292UH.X22.oxJJ7EsDK"
280,"Jevon","@jevon280","$2a$10$7OZNRLDbl8AsWinDrtVDKOdIlzOO8JPiOy44y.csFUb6brU2D7lqS"
281,"Hudson","@hudson281","$2a$10$1cmOLL7OFg3x/kIpLSgBseiQkNcsSDEmivwV3TNyBVbwAZbOk9IjS"
282,"Aurore","@aurore282","$2a$10$Bh66FLDY69pxh8BJi0czl.h6zGUzrDawbKUx0ydT5HtEgMnSwtPHS"
283,"Adriel","@adriel283","$2a$10$kSnVDPOhtig3XDDxuMEEA.npN5ZYdiTy3ekPY.AIjL6zhJ7Ycv2qC"
284,"Alana","@alana284","$2a$10$Hm435dituywFwaZTZColE.x6KdKQ37JqHAhlvypMF9K6re3aT4ZU."
285,"Vincenza","@vincenza285","$2a$10$j/7ySHOfOCwbBLVrGWvZt.9ZXFj.DaW07icRJjgcFk6Oo4o2UFqDm"
286,"Rhiannon","@rhiannon286","$2a$10$L06cRyws7JlDyZuYnG8iTOMYskQ/Oe4Iuq3v3ET.hbdLyQ1AYwCte"
287,"River","@river287","$2a$10$MrVAqjQHJ5d/CzRxm0HbAuDEk6/zlaGF6v8GJ5p52OrXDDHtKMgNS"
288,"Jaylan","@jaylan288","$2a$10$.DSN/uPyHXqJWH684H9b8.mhBpkCsNB.5R6NRC5NEFV8XrV1voF3W"
289,"Cathryn","@cathryn289","$2a$10$Csqk2KExd14SyOsITUBYvuOLLvEBa6B3FaNhZ1HvztsJ/Xk8HNNYC"
290,"Annette","@annette290","$2a$10$sHhgjjTohQCnNZ9/0RjVz.TsDCJUOxhYbcoqCMdptJGUdCMXVl6Eu"
291,"Candace","@candace291","$2a$10$hPwsQUoweE/RiLECqUakyOfRkTgnFk/uGCR.waHuA6wjZ2Qz484QK"
292,"Minnie","@minnie292","$2a$10$NALYDyyHHk6TdZlsX.s7Je./MR7iNv/1RhJqYQNW0a6Y.r6JqVjc."
293,"Dorcas","@dorcas293","$2a$10$Xsfd8Nmt18MFByUHjTG6uOjVPNpFURT/Civmke3RfIwcLV0e19ZOK"
294,"Leta","@leta294","$2a$10$dnHWH2CZPcy8YRP.ZudtM.xByuE1TA5FLg.PZaQ8kU4ogKAMTeMcK"
295,"Wilber","@wilber295","$2a$10$uNlVhnSEzp0Du/Q.jZQRgeT1LqUQd7QuOkw9VtmxO8/.H.1r5Vag6"
296,"Edgar","@edgar296","$2a$10$1LzyuRxuT4t4agyHBJNY.enLlomWw/nW/NorSDWgobJ6c.hOBuUde"
297,"Kamren","@kamren297","$2a$10$XFqr6WqhsA2Gylyx3Wf.vujpFWfC5m9tua7t3o4iLJs7ps9xzKRzm"
298,"Mathilde","@mathilde298","$2a$10$8dxhp5g6dn5.NpkO1qCJg.hzzfq./iNIolm20a3cG8l/Nj8XtKeo2"
299,"Charlotte","@charlotte299","$2a$10$Ox9PwJcYzSyZvhgePLMxCOukzIj4XWPmRAOkrpYXJvrlDHFg7PYKa"
300,"Mable","@mable300","$2a$10$trCyuBMj4nnjgwZOxJaz.e8PkkTfkKukJCtrDBs97Jtul70Hzj2Ri"
301,"Nia","@nia301","$2a$10$sfdCuSqGz9910u50IIPirOk.6rDTn.i04BGX7yiapRIsl.KXhorT."
302,"Dominic","@dominic302","$2a$10$xKHq0euZK/1SG.gKdDUAP.1ga3IqqrUmRG6jbG8Eve34Rl3YbS3na"
303,"Lilla","@lilla303","$2a$10$wFxq9/07RyFtWjKUBeMKLe/AplI9uXQUtgNL8Z5abryN7w.EXO9Ay"
304,"Blaze","@blaze304","$2a$10$iFTufWr/YgZBuaxxqbKNpOK0LJJLVxI./fsH1jFAzcPvY0X80TPQe"
305,"Eliseo","@eliseo305","$2a$10$eiSZL2R2Pe/KkXaUJHKgC.rbs6FQ9Cuc4pbkLTzHUuA1beA25Gn0q"
306,"Leola","@leola306","$2a$10$sPuCY97aJGvFMzRcZF6ltOQ5tt7d7qt/EcCQHvPbAUE7F.v7woBKW"
307,"Cecilia","@cecilia307","$2a$10$j3s.7tOagMI1ic4kyRc7OOM6VnSGNhLedkJ4qUKK90ixr7I9O5xie"
308,"Franz","@franz308","$2a$10$08KEeea2njX9jdL4sPvOLOpEgkpREPgSGWtLdsrnpVizQlvn9SB9y"
309,"Daphne","@daphne309","$2a$10$9jIDQQ1xvXU0y2wC3m4KmuNhPpreRlPjGXogwXqiSadIiWsslVcS6"
310,"Merlin","@merlin310","$2a$10$WhJkReIED.2C1b.dCnICxeVgiUW41GyqLCW0Lg2K3Z1.GSzi5go2q"
311,"Ashleigh","@ashleigh311","$2a$10$Adz6sMGSeA.QwP1gSaXgK.LRlfeYYhrpi.8YeTiT6/cAiObBGXXhS"
312,"Barbara","@barbara312","$2a$10$bMBk3QGRIcYDCdupQlm1zuMpxS0Jy7F4gzLZ3YxhehICsvfWmCupS"
313,"Cory","@cory313","$2a$10$8eGntvV/V/ga7GQmPbYe3uR9t7rWRGynxsEdUqQbV6Xv44UZr.Bua"
314,"Susanna","@susanna314","$2a$10$2cZBeOIhAcnH42NtlmydqOM8FAJ4M4DYWeced6JzmzpolBtfkIo4y"
315,"Blair","@blair315","$2a$10$8IZWZwJcmCmJHFSEhQS69uzdDAWPSbYVGNJe5f0GVLknyJCxBhT2y"
316,"Ernestine","@ernestine316","$2a$10$emXCaZw6NLW6RmQhOwuG0O866JoJJD4ClEYFtdlVvbf5nC7HEFKKa"
317,"Gisselle","@gisselle317","$2a$10$XN6PY0YfOOGTpVoMTKBXh./k6Ke7nFz3OhUTy4Bu5nQyBIvcQsO.q"
318,"Maryjane","@maryjane318","$2a$10$ZBoojP5VU.RSNP2ELLyE4OUYCyXmPtYasulJkoYBNcOSmrq90ENKq"
319,"Cassie","@cassie319","$2a$10$dNkbX0ywLQv9AOpbYuqfSefM6Ydv1dh/tyvqwydFdFX/tiK802WRG"
320,"Nyasia","@nyasia320","$2a$10$tv/t9gr6yT.Oaq4KR75IMeF.t1w0pHY5WUIiqJMVpvPtWUgQfFJMa"
321,"Rosalinda","@rosalinda321","$2a$10$2jLqXmAMWXj1u3bNbqbeDeVGKVv6xSvv8iM6XY9uRNxprFnpwvstC"
322,"Jamir","@jamir322","$2a$10$USD.ARN8waxXKEj9.7F5uenBjC8rsjW/vW1FpKShdx2l55K2JHcda"
323,"Lea","@lea323","$2a$10$0cErsl3.yqHk2l07XMiPKembg9U2O/Rf842VLuR7LML4MtFuLXlnK"
324,"Laurel","@laurel324","$2a$10$.8HbRkVQDiNHm9AgQseaLeWz.ohpaVAp8ulvkLRmyKkKsnrHP7vnm"
325,"Loyal","@loyal325","$2a$10$9kVFmyiDuObX9CkwYDwP.eFHoBjUcBIAkEGR1Le51ZjWFkfUhGSEC"
326,"Elena","@elena326","$2a$10$Y0iRkY/SxyDlITseRT.iBu4ptX9VraZugAM.t.2pHcW9Sp7DA48qe"
327,"Rhett","@rhett327","$2a$10$bgIqSwI7ZQ9NJoE02YVvk.RfuEj6P9WcCjvbZnWZdfWRhiPf2F5Eu"
328,"Armand","@armand328","$2a$10$wQiVit4ddGuiylE0MZ7mrOkqiY6M0sbCgSuCfUtqGoqPP4l4KPHsm"
329,"Alberto","@alberto329","$2a$10$snrvn/RiTNSAjLS8H/K.uenMh.PgACr5mTygYtSjI8/xAv430i45y"
330,"Willie","@willie330","$2a$10$kQcjR9A0KWCC8yoFE4OfCe3Zd8wdTSEeb9roFH8MiixRx3OZ41VZy"
331,"Timmothy","@timmothy331","$2a$10$z0qO/qogGRPHYYNRpBu1m.YBUWXOFFd56rFBYAVPEVBOcfY9vrZPG"
332,"D'angelo","@d'angelo332","$2a$10$Vhvl4X4nj2hpHeBkN2lEmeEZr7ko74A3rOr1jevqN3cRHMCTg0T4."
333,"Marley","@marley333","$2a$10$biuEGWV25YrPLGQZovvV5O96/nb0JbHikuc4wDAO3FOLpZ9DO6IF."
334,"Shannon","@shannon334","$2a$10$DVoYBWEU3JWAFFHVMTWrAOoERT2blzvuaoAF9qdE5yaWsBE0X1NMe"
335,"Florine","@florine335","$2a$10$q6jOiDmfUyD/EQxi1R8NSeLPNVFv5U44rflPDtGoHjiptvx2qQxi."
336,"Theo","@theo336","$2a$10$LHauxsUsgjVkDWY3T7yn1.OnUShSWJhjbJ6v1kj7/iPx8aNqmUWBC"
337,"Horace","@horace337","$2a$10$3uGCtfEqU07ZZMdD6Fqkj.meiMowA2Mk781wOtpzQALAvJLputmTO"
338,"Gunnar","@gunnar338","$2a$10$XXmiXa3.dah50.8OQkYEXuZhzuvbE0bVh0PwJD9Moh0hW2GcH4dmq"
339,"Penelope","@penelope339","$2a$10$42sGNecofEw1aIc1PS3HVeIBq543LzbQtx3H/wltdDqFH3aGJPudS"
340,"Bruce","@bruce340","$2a$10$Q8tiyhnQuOTYAxzxCTsTAOCi8qGveEWTfIV87XgoKh2o5cuKTRCqC"
341,"Clint","@clint341","$2a$10$hH6XTYtmM2KXlo.RbdMSR.Mzx2ZKvxKNLRVJZ09avY5moOd7D6iy2"
342,"Tania","@tania342","$2a$10$qRsZWfXmgLfL6PtZLMDkf.K6JTHul49w9Gtlw1jfZ7ETJpJIhTS2G"
343,"Lily","@lily343","$2a$10$9x6WJMSTxC8zu6RtYyR2veDbUDb3guth8v7IxKuL5RZ8SE1dM8pRy"
344,"Ida","@ida344","$2a$10$ccENfykK5PHSMBRyQdV.5eUwPFSZhzn9HLQQq1J486InpcDNYoupy"
345,"Terrence","@terrence345","$2a$10$72tIk0fc31eJwxPyypvVU.a2drju3pRoFbcDGo9Vizrpj8xGkEWxC"
346,"Cydney","@cydney346","$2a$10$k/ZTN7gJwPpycjTUFjevaeqahCt5QOtt68PylOH0teP13YLS2kB7."
347,"Hilario","@hilario347","$2a$10$WYrWFoWPKZilsqlKGd8kLOeySLNZPQEU9LfkFlXFbvlG52ZH.tiuq"
348,"Agustina","@agustina348","$2a$10$vMlFCwIwRk5wFWQpncTpzupak6AaG9KJRSemrk4Pd7JiHw7l4JvSK"
349,"Christophe","@christophe349","$2a$10$A3ug72WXrC3O3EJVAZaxrez1MAvxMFRXeKWJImNCvlAbh/QqUFKfi"
350,"Wava","@wava350","$2a$10$RQ6q4wbeDnZQBgjGu6dH6.tKbmQbQubTrDJrt6LwCbPLyTAiH5skO"
351,"Ben","@ben351","$2a$10$aLXwvNyi8zKxBzXADq8Aaei8Q4SDbAEppee6le18eXdsp4wpyk8qK"
352,"Ona","@ona352","$2a$10$qW2dDYBhGK1JqOuXv3J7sOHOoHS.fstHbnaJh5RJ0.bnVfx8V.iMq"
353,"Bobby","@bobby353","$2a$10$yaI5ciN7/m.tenZWIgVqCeIfWtuiDM7SgigG4YXWBJko6zr3JHrT6"
354,"Berenice","@berenice354","$2a$10$7Yub7LxRyAaGx4w.Jisfwubg0XmnTo5WKOA4MQm9BJ8drlKHM1GxW"
355,"Eveline","@eveline355","$2a$10$9MdEKYLXWx9PG2V5OU7a0ujqpN1ukJx3sbJ1/x6zIrc6zSsVwmFDm"
356,"Berta","@berta356","$2a$10$CjB10ixHuTSwUAY5amd77uuWv2huG1gTMoQ4CGfPZhIhAxCIIjA0K"
357,"Stewart","@stewart357","$2a$10$Dq.cEP7CzCLDAJcVtOZIGOA2WTqbpscAmZh2vBbl82OEpm3CdhZku"
358,"Aletha","@aletha358","$2a$10$0kyzjCKuyuDW4NaWt6uDX.fFQrRO2g2lT2rfL3GAHKrB9oGHSkMN."
359,"Bill","@bill359","$2a$10$jKY/S4c4tJa08dWNxedPmOLxNC6SIDDF1lGmlirB7JW0r6nUEhdv."
360,"Dannie","@dannie360","$2a$10$kQ.mAtWdkIrwL1wAONuM7e3eEekvUXvXZciecduVP53ZN5yTcGaiW"
361,"Bonita","@bonita361","$2a$10$6bHZ6Gs6dGMUXt0N.ILtC.lcI.gbhfkdyJGOIvKKxAKWR7Zyw17My"
362,"Beverly","@beverly362","$2a$10$TyQh7QJl0d.M82z48T3FluVDwYRYxnuF2.VhVK1MESUXXtuU7GaLy"
363,"Abel","@abel363","$2a$10$aX/P2zW2bPHA0pDTyHCeYO0noaKjzijCB5WlpUr0mw9Sy2gySDBvC"
364,"Camron","@camron364","$2a$10$hg0Vb/FkSJ3bNin6JVey1O6ISZ6XV4gfPf2Y2xM5kGaEi0D7FwVHm"
365,"Tiana","@tiana365","$2a$10$sdVp5O.hv6UqvSHHLcyXOOUEojxubl0RA9YwQpvuuQKZPPgg8mlb2"
366,"Murray","@murray366","$2a$10$MxnO6PVU5uvZDX4H5jiLReTL1DT6ZxFhxU8ozpYocHkhUnFk/E.PK"
367,"Barton","@barton367","$2a$10$ZmENZSL2Y9C0NKJ.xiEEyOTP51XzK7YGg027rYOo8P.xjtbwYLzqW"
368,"Marc","@marc368","$2a$10$gL4SjaCFd0xYMEYx8WO8OOg3m5VMQQaZU1z8wTZ/Tc0p/UeHy3T9e"
369,"Deven","@deven369","$2a$10$/dCcWGjd9N215i5W2m8KM.pqwWbsfmdcRY6FKxAyA7BuIHlg8UEgu"
370,"Demarco","@demarco370","$2a$10$uNTYXveapViLmgjbGCYyCOJ0zgTV5/nd9pjv3XYN7P55Ww3eNG9TO"
371,"Anastasia","@anastasia371","$2a$10$svJ.5UnDdivbfJBrZVKfqePUSYIef2hexvrEffeefWz1nEGdNPdL6"
372,"Hannah","@hannah372","$2a$10$E95l3vAs2qFxSjIhP3QAxuHHDo4cY5/1iU7vFV94dXIvoL21KpY4a"
373,"Shane","@shane373","$2a$10$7Va7qOg3asFdaoUnaE4JbOcjMCYtVe0X8HlBdJ.Yq9RXmGF0mw9k2"
374,"Jed","@jed374","$2a$10$pA2qn87mw5OPDu3.rt.r4uF5fCsCgi1jicIIAem7lPU1H6XjuHaeW"
375,"Bennie","@bennie375","$2a$10$EiUxlrMKLfnKCuvqj6WhUeGvBfTWBYK/D/tcsBtzhCJnoS7v.geaS"
376,"Callie","@callie376","$2a$10$ifzwMMOVGbY8qm3oPJrpqeDLbqksz.ILx6/nRlSHK1ZtJssUsDZ3C"
377,"Raegan","@raegan377","$2a$10$K66hFVXWBhyl2tGinvH7Gu.gV.bo5l15Glwo1ps9nt6A4ToPLylhC"
378,"Maybelle","@maybelle378","$2a$10$oCuOGgdiNrugvLCRhNDzxurBhpqqWDWv4REeO9eZXV4fxQhkeNBYq"
379,"Tara","@tara379","$2a$10$x4vdUPlidyfYDrWK6kU7AO/KEQ8GDmYSZPQhTLV2J6cX3I4olzBOu"
380,"Brooke","@brooke380","$2a$10$YBpJchf49MdVpEMbI0t9ceOJUjX2zruxz1rdfT4uL4yqPUjwoKXQ2"
381,"Trevion","@trevion381","$2a$10$eqABVxePEVTMjR3U79jYneNHGx0sGAG26Fq29GHQ9hVY6uCgtgnxe"
382,"Rosie","@rosie382","$2a$10$Yfow24nVbqUnUmFmfoLPWurpnobqAyjVwVY4aflLj/AmzHD8xnoHS"
383,"Alysa","@alysa383","$2a$10$LUkmTEgPD247UqWiPBinvuLXd7SYhuLU0pz/6tWFg.N3EkzkSQshW"
384,"Gaylord","@gaylord384","$2a$10$E/vAwTa8JemJc5qdiJ.v8O8kPTVt6kxM07H93sOUCbzsWdLHfOKEy"
385,"Reggie","@reggie385","$2a$10$LlkRxFZPyYxr2Yz.KeHs6uFOF3vIqf.ZATSY7cj8A6nffq0WZ99ui"
386,"Madison","@madison386","$2a$10$LwN4t.KsODhvbnKmV0Gq1.UCttIcEsBEL56f3GVTQjKk2dlCyrxgm"
387,"Wyman","@wyman387","$2a$10$8j5qZfzf/SE8zDkUVr0PA.svyE4bpIeSzGVr4cW6errqqMR5Q7WfS"
388,"Jamal","@jamal388","$2a$10$onr992TFA.yR/mMcpWLbA.9gQuvarsFfwEgK79NXYyOqy1L4mXY4m"
389,"Geo","@geo389","$2a$10$kq1.ThexhpI22apbEfOiz.VHiOj.SIDr/Cs8FlFh.OEHJG.cBCRg6"
390,"Halie","@halie390","$2a$10$/lQD/WwwdeXnsSLzngIWveHhiBsmF28Hy9j2mUamMy7BWbJfCRXv2"
391,"Izaiah","@izaiah391","$2a$10$G.KXIa1CKoFlFCjEmdFfauGreoNaRsE1ThYJ5uCWPq2.KV/J.8AOK"
392,"Chadd","@chadd392","$2a$10$QJBVTYP6aOpbmPdBOZazDO3XhHF1IOVWf/ckfA8K7AIEKYdfZgAHu"
393,"Sonia","@sonia393","$2a$10$2jCjEQ.R68s1w954/91ukeUjDgQM79ID9yQ7yu.xjd09FykUbW.qu"
394,"Donnell","@donnell394","$2a$10$JcRvyXob173qxGm.A4Xwku6irrChdLKDZrBCn1t3lJ9ChY3F7HlGK"
395,"Shaina","@shaina395","$2a$10$ZTz5QMxaq2dZz5aioIa/i..qs4dHFeGkjFn/LaVdMIPb5GDPf4TZ6"
396,"Evert","@evert396","$2a$10$DCkfIs82iQCxeXuLh.RbkuXl.1uEFUoqxFyE6GtuNM0HA9UoFh5me"
397,"Lora","@lora397","$2a$10$KtyyOwpDf2qxEBcjJqq1tu966qzbMtwVuEzyTCWuPhDM6KW/gPK8m"
398,"Tyrell","@tyrell398","$2a$10$/OIhQ69C/lD8Cz0wA1GVpuZ5YPJcMC.IIITEckWiFV4Ancz1nmy0a"
399,"Meghan","@meghan399","$2a$10$CwjIRmw0bTORwStYPN4VMec/33uvnf7wIgfDULMjs/nxtDLeoxzg2"
400,"Delta","@delta400","$2a$10$GIXw9RhgpSMFpXx853b9Qe/.SHdpgE6paIErA/BU5V1.uYjfgRoHW"
401,"Hobart","@hobart401","$2a$10$/iurXobkUbw6k8qKlNNpWe5MzS7dnhWhh.CLbyYEc56AiisNSQgiq"
402,"Madalyn","@madalyn402","$2a$10$uPJFWqmewh3IqR0WUtqRY.J.FUCels/maA39W1BUAlNFygRmesZLm"
403,"Jessika","@jessika403","$2a$10$nofOD6i3eCZfaBII7MCyPOll0LJL0XE1mYMHnIxSJE0Vd3D92Ldje"
404,"Hyman","@hyman404","$2a$10$LKiU7KQ72pXVBmSz8tMDxufJTBV/zWOin3HxJx/n0EpGalagEZ5VS"
405,"Seamus","@seamus405","$2a$10$kHZX4.alYwLfpuxfamvkAuhRoDFN.4HThtSTizgciURdoHGfkibai"
406,"Vilma","@vilma406","$2a$10$Hraxoy/QIWDOOoL9HYi7h.B5cuSncJG1c2ZzlAT3OHpnFfbZxW0Ku"
407,"Jakob","@jakob407","$2a$10$CCLJLzBk6zXw5kDL7XG.oO/dh4Qf7Hz.4sqyiSBuYdiuXeBU0rMLy"
408,"Brown","@brown408","$2a$10$pp27/nYIu4/ciJVcdycVe.hyCD5mBc82nFbyPZjbEi9xGx0L1hdK6"
409,"Anika","@anika409","$2a$10$D88GL54US.I1QSQvCfvxvOPqbU1LUtcT0eNAs0R/qNW0ihlLIxVtq"
410,"Kendrick","@kendrick410","$2a$10$Ca1YdyJK1yghnoiiSXHUTumLuD/1EeHaccK92BALiKlj2jwQems1O"
411,"Tamia","@tamia411","$2a$10$GJ1txoRt9Tstvbmh55hTUeQJCpIkEPUwH39zRrl7Ucr1QD1N1U0qm"
412,"Garnett","@garnett412","$2a$10$QsYrWBIRkrPKcrM2fOhCJ.X1YbSM.BwNQWOiNOTaCH.WCvBSj0Usu"
413,"Brenden","@brenden413","$2a$10$fk8vlikvRrKTQIVmskKv..rAzw6KrY4OvM./fjim7OWkkdfQDjSQW"
414,"Morgan","@morgan414","$2a$10$Xv.kUHKruFGK2jES25x.ROhklEUgIXGR1WrLXVqRVa.Jcfk6q/0PG"
415,"Roel","@roel415","$2a$10$irbU9w2CazsgyMemnSP.lukNOsqkZ.vDDckf8dqVMAjTxhFY60KRO"
416,"Judge","@judge416","$2a$10$7wj9rcDWHhlj7XKhNDOZA.KSu/3/ZyvDQxPsQ3yXYoSgiBUHRwbQy"
417,"Edwina","@edwina417","$2a$10$tj9lBbCDJr3.ms1ASy9CiOZ/iEPC2.mergBAURa7RUGVzi7sQ65b."
418,"Deshaun","@deshaun418","$2a$10$xT4v6VGldy7JySU3PTnb8eSac2HOm59cKlV8tl1dXHBk4aa3uobB2"
419,"Janae","@janae419","$2a$10$DwqcKOpLBGa8lxisLAz8UuB0YM0VVdvs.im.xw0NiH6QONn2WBKB6"
420,"Cristopher","@cristopher420","$2a$10$mTf2uvwYO/yYgwn8BYZyaOido.Dy70U68f.Njb7BqsHNXjy72ARHC"
421,"Zack","@zack421","$2a$10$6J5WsLyvLvQvxgLnGIlSyePJ2E0DZtvom53GDPpnyy1dVxQ37rIT."
422,"Skyla","@skyla422","$2a$10$KwK9cV80MMG61zyBdRO4Dez9NnGPRnbizhWwBVyjfty0J3EM4VWUW"
423,"Arvilla","@arvilla423","$2a$10$UFYhfUQ7ldB1WqLtWpp6Hukg5UjGL3Swh4N2oNT1e8cfQrrHDrOc2"
424,"Kailey","@kailey424","$2a$10$KYV6AJ0j5Il21a57zAXjVeYWM6OmOXfvX373pEd08/fK.HrBZUTPi"
425,"Ed","@ed425","$2a$10$lEVp0.844fZWYqmRUgHVEutcKhYl0csI2o2qtSDdMkzsc32Ib/EMa"
426,"King","@king426","$2a$10$CBjX/Z5/W3aajw10xf3jou8vj9wfhEI7lrXKS0Yfz6OK0sn.Cdyja"
427,"Alessandro","@alessandro427","$2a$10$stYL65Mi.T80tdTxPGTDfe7PZwCkxIFe1fsBmbhOAiXQXoQ6iIQeS"
428,"Ervin","@ervin428","$2a$10$TKIKF266KyuHHlySNoA/4OYCYtQO4EPPNsZepolv8yjPm70S.a.0W"
429,"Santos","@santos429","$2a$10$Tg/Eg41CvIlc2lUomNoUTu8U54RxdFj.6vv22FrLplrOAMVu4.VJK"
430,"Savannah","@savannah430","$2a$10$DZfCpMvqQcf3O0jNAIkA2.tqeEAks1j7iMjqgparGPZjiN3nQ.2Um"
431,"Gavin","@gavin431","$2a$10$vMzUKYhURidGPXCg0qJdleZBU81YLVs/IwoMJmu0Zkgdsidh.bVbK"
432,"Nicolas","@nicolas432","$2a$10$3XsYmXMODPeoDBLX8f7kmee4k6tza.6ydMBzcjs70BUITu0XhLDlO"
433,"Kaelyn","@kaelyn433","$2a$10$y6CvH8ZyPsA/ggYutyU9S..//SzJ.fQ8qgUfO.dBiohXlL/0JXWNK"
434,"Eugene","@eugene434","$2a$10$67exijSMpNRt.SeABfp8o.x9EgLmeSSsnaTF.3xs2mnMID5oS2X4y"
435,"Gustave","@gustave435","$2a$10$zjlPIfc7vTDk/HQlTAn7puAYv45uxRprnfB8UDiEEwLZj1V894tJy"
436,"Fredy","@fredy436","$2a$10$MwGaGw5xEuS8IrGIYIVj8upbLOZ4RKV5QtLTNukvOn6aJ5OudlJJK"
437,"Brice","@brice437","$2a$10$/f0vXIA0km7YBaRc/GGZeeVAstqoRUHWZBU7R/sH2q5Vyln8GtbHu"
438,"Santa","@santa438","$2a$10$ChpwZ82XcyPOs7uC1QdNeeYo/MWK.K0Oqz8cavelRmUpqR8z/Wqfu"
439,"Elwin","@elwin439","$2a$10$aCeXwepLTHtxa8kMZ5TjfeSNmLftL9jbq2Auqfqtcv.LrPQfu9Sj6"
440,"Madge","@madge440","$2a$10$QvLJXfu6w5cnRNvUFWp9vOPCSs3/AmJg479EYRgGXSzGAH9k2mAtK"
441,"Christelle","@christelle441","$2a$10$itsK9qOjFZ6/oIlJh7HhVu68EVEdXm3yB5yQjBCymvLSB3XrZuomS"
442,"Isabelle","@isabelle442","$2a$10$nIiZxMQqR.fELtVIQlbAwut6vf0uB1B2aWTQx7UxtouyPHMh.bzNG"
443,"Phoebe","@phoebe443","$2a$10$PzX00P.uuP2PuWeleQltKeAIPaanOJ/ida6loM73d9N2BfqrfdaPe"
444,"Bryce","@bryce444","$2a$10$/IBNRdDpr0n8TMLNPSqN4ufbjv5B/NDNRJ9vDXju6sUpmywSfjhpe"
445,"Norval","@norval445","$2a$10$8MvNyqraYATeMo15ObqLHuy5eYIsjfo/lwOnovKb8SHGhCZrI2sSm"
446,"Chasity","@chasity446","$2a$10$5EZQL9sfy2Pvao0FfNJbIeUHZdq6wHMOlKG66T.CXMt8k0/MFxR/."
447,"Jacklyn","@jacklyn447","$2a$10$cX/CDP9D9WaJjUr87uQ.L.MAo1wEqUyzFrqQBzNk.9jtufqVZlc.2"
448,"Skylar","@skylar448","$2a$10$ZG7A67VlcEaxRULvFP/m9.210HhwIW8ETPrciKusgBqkBtfCN5Nim"
449,"Jena","@jena449","$2a$10$Hk3oM/olJSWdwO/59HpIheyd/MOVU2H6bE/a22Wfo3Tz8JPbVNY2S"
450,"Turner","@turner450","$2a$10$bS.lsjOo2.GBsPvcCfVpLuBCXzALMitsW7vxHzEI94nKYw3T9Hq8O"
451,"Louvenia","@louvenia451","$2a$10$84q2lx2SGJaCNbzTILro1uGiNW0D4oGRjgO6YNf/P7dObbh2J5wdO"
452,"Brandi","@brandi452","$2a$10$RdWaeU4pADScPAac5eIOcumpIdm9vm4a63E8CQ.ruzMQguuTsH5xq"
453,"Adele","@adele453","$2a$10$N5GytiOfRjUQUQs9pB3p0OwJD/9FQ2EKWfNmS9j/ixx4Gg197cl/W"
454,"Anastacio","@anastacio454","$2a$10$BKNSx73ZPpyiLZ2v3pZpDOzNl6ti007Foizy9m5s.BDL6gP6qe8T2"
455,"Liliane","@liliane455","$2a$10$E9HUIABhJG3YzhDjcnMVMOyN3qvdMNf1zP354ul0q2xz49zswI4kK"
456,"Lucas","@lucas456","$2a$10$lp7robs1dvpHhTRYBlPJnOpi61q.h1v.fm7x1E2Mgc2Zjkog.RQfa"
457,"Kraig","@kraig457","$2a$10$uAaOAGZUo2cCjBASJ9goqe0kGcdzqJtoYrgdt/DSvUVaC6yINzpLm"
458,"Providenci","@providenci458","$2a$10$KoM2RE3GNNMAXiOjzXSaae.HmzgkJeGxDE3kHzuFVwgDAgmwoyblG"
459,"Karli","@karli459","$2a$10$zbMaR5FHjWGZM6fIMZu1.eZ1lDaRT0ejdbRHuwIjnkXtyUN3c23Dq"
460,"Urban","@urban460","$2a$10$APzF2ndaWfrERtwvczDrd.U.MelQVMIot3PR9M0fk06gi7Ah3v4TG"
461,"Eleanore","@eleanore461","$2a$10$0ugWV9WFfkdmlBAvF/VxSOY24DuM5f4APajWWUs2WVFY5Jk3AtUSi"
462,"Schuyler","@schuyler462","$2a$10$NdqPJl3k74s42bmoYKBfqeJ7lu7sK9iyvBwjPuvmPWjG2.gV1qt7a"
463,"Reese","@reese463","$2a$10$T0sOmD8Ompjz.IXx82jXI.j66130mz.H.oYQwRIJfczbHyHiZUNkS"
464,"Nathaniel","@nathaniel464","$2a$10$z9wz.OZcDyF9Iwo3X7616OwNUUZkdTAHNoEJeGkwzJ9LVhso6ouR."
465,"Collin","@collin465","$2a$10$pYVxNLbblj2hL7yWNsUoL.PZGNhdkAV0Py72wQF.ahC80NvifNzei"
466,"Bryana","@bryana466","$2a$10$DeqGzFm5oAuH/UVLzYrqO.lUd043mQvKtdkFI/wmYErr/u0rQOc4i"
467,"Jessyca","@jessyca467","$2a$10$GC/SnLRWM5aPlOOxRujfV.DtS53/UTgMtK9u7mnCfxnpUKvNXcBre"
468,"Amani","@amani468","$2a$10$acJ316welFrc4XPCCoqQduD9ViweKiooSNKs8Jhr8GfEhQhVo.366"
469,"Serenity","@serenity469","$2a$10$6EBi49Vuui4IwUA5gRG2EuHk6l5lkvh7cMiVH.x/UXJVqk.gGvuMS"
470,"Larry","@larry470","$2a$10$D2/xRWRbr.yvRBBuM2bnB.luLu8tMvCWj5ZusJp4aFf5QC8MRQs0q"
471,"Cordie","@cordie471","$2a$10$4K6Xed3oqHdKKSfYPBn/1u/vX9xoORVC5H8UlewXlw/rDxvhhmffC"
472,"Mayra","@mayra472","$2a$10$l8tUP5gyl/dpTi/IrTzdAeLd6uy8J6oNmhiB3WwGaHDXfD8nKRzQW"
473,"Sylvan","@sylvan473","$2a$10$Qu5LknA80LrvGgJo9FwuW.yy6kgatXX1w6jDO5zuWSwl2hPFvul5i"
474,"Furman","@furman474","$2a$10$LW88xFYsB1gtrpxYoYJ7L.rj/CwwUdSoLmQ.XLbsdOv/RiZstew9m"
475,"Cora","@cora475","$2a$10$fcd7DRPWyCz1BDVUbgMBh.kG.sWvECb2hQxkIf9Xq.AWpRQtyQUIu"
476,"Major","@major476","$2a$10$At.NW9V2IHwrFOTk4Hy4gO4tZQKwHLbkpSdKUPmVMdgPB74fJnF/q"
477,"Florence","@florence477","$2a$10$NG2BKhkxA2f9enqaEuae7O26Dhin0tX4LME4MYDb19e8ANCh3aQh."
478,"Enrique","@enrique478","$2a$10$O5/IUIcnxudRDEJZC.MGGOeq21LPqbCTmR4Qb50W2HP6xjTq4ZCb2"
479,"Elisa","@elisa479","$2a$10$WEk6Sua3t2sex9jZ.EofDu9HE8lpCBOBcGmL0z.2BFDeCWMUfQpTC"
480,"Linnea","@linnea480","$2a$10$5oz/AhRLsVw4wXQmjme22u/l8kKeQZ5aSoNFu4y.JHvaTFg.iL6Cm"
481,"Laura","@laura481","$2a$10$yckFFCTRu/vfud.HUEO6UOHGRMX72y6M4nFkA5ssX0YNHX2miiNaK"
482,"Larue","@larue482","$2a$10$bOl5Aqg0wrUzS.B65NYLF.ZyOGOOL1Yv2zUigEKtoJPC5EBlrinsO"
483,"Cade","@cade483","$2a$10$aS05DJ4bnQ7fsHUjzHdl1O0zOEa8zdNOfng2Mu.1VcyxpBh4MpeX2"
484,"Nicolette","@nicolette484","$2a$10$aWii7z8Dn93rHrzgMj/TSOUxdH/Sce97U9c96h7kvr7mrkWNdR4He"
485,"Melvin","@melvin485","$2a$10$WXdgO7M.UhbJ5JwkgWQ72eH98SzgwJ7lIGBzPkAOo6eeXdMvsFXyi"
486,"Marcellus","@marcellus486","$2a$10$T6ceNe4qr2eWUXetKlq68.wrNMqrtAOfdaKMNtcSagolmIo2JfpPK"
487,"Charley","@charley487","$2a$10$3UACpwmcwj8Lp/EOXFry6uoTGKaGsCJX1Gpc4YPVQuW.zR6xdvV/u"
488,"Vallie","@vallie488","$2a$10$zSyfmIIp3oxC1d7s.K2az.W6s/6zC9rNOpRKapF2caQI7C44nLN66"
489,"Reva","@reva489","$2a$10$82ZIRYk4AzDQsAb/TfC6fOIJxPkYaS4aYL7ebZwsZP2RgtPnwgX9e"
490,"Jaleel","@jaleel490","$2a$10$RsELjkAVk2fJnAQK9z0.x.gDF8MPvOxVB/eX62kZQnqLG0DWVZk0y"
491,"Max","@max491","$2a$10$0nuSUfmPlcnrovyKyRtDoeyAWeiju9iZ8OwwLTxDGJ7CWyrD0tqjG"
492,"Lavinia","@lavinia492","$2a$10$Q7BRfblf8I8LGMYhWEAu0.pw8OGgttr5fwo26mbzzN58FdBzPGy1y"
493,"Lyla","@lyla493","$2a$10$kI7Os8XKCSqcxRGP1Tf5C.xpgRpNktoEYhrpK5lBd0JpbXktczRUS"
494,"Maggie","@maggie494","$2a$10$LCcd6PDBWACAD/qeWgcNNu0t7jsw4z7uptDW4sFHat3DNPW9djbRe"
495,"Sidney","@sidney495","$2a$10$y/BnGkUUQKsoenJjC0PdrOpoBfU6YjA9IbGuGxuF7oIicPP3YIkze"
496,"Demario","@demario496","$2a$10$HTTZyl70jl3/071IVmVyFOuPulCqzwMqUMAPyZiE0cWn88jw9XLC2"
497,"Garland","@garland497","$2a$10$9ESJ/C3L45x/kMcxi9TJyub7w1qcdr52KYTzP0GgVbCg32ZucFWXy"
498,"Art","@art498","$2a$10$i1eqXacCcL6A9T0eZYCDJ.KiDxayVYcT93/AKS4Q0LQA.FZWEVZeK"
499,"Charlie","@charlie499","$2a$10$VqopYOoVsnusGQyroPBGM.mFwpVvi2ZMsmQO4VtKhhaXjo8hjjWvC"
500,"Alberta","@alberta500","$2a$10$CavCDfQNFwR4.qvQQ2iFxeIY2FSM8yQArjk8ez/rArX2rOGun8yu2"
501,"Sammie","@sammie501","$2a$10$4.QbB4OmuipDCwdkCI2CZ.dtvs7Sv51TpqIfd3Gu3jCiXnKGj9CVW"
502,"Austen","@austen502","$2a$10$2gcmKUQqEFRFCrgKXMYEHePR8/1gbke7nQvCZRlFAI1fzgKiAWFGq"
503,"April","@april503","$2a$10$KJTW1tuUSrI2FgmW7Mvose5IZOJKMxt4KUOfhwsqCNwzR40CX29mW"
504,"Krystal","@krystal504","$2a$10$rWhBB6y9u06q9drqXr3FleJkRSq91vMen9rXl.KS4WP/zJDzVYkAC"
505,"Abdul","@abdul505","$2a$10$I7gNHJTD8Xa1gWAc/EYeu.VbvkKXphSvVP80BsLASOirN2tVJkw26"
506,"Dave","@dave506","$2a$10$pfgyFECPdNVwBPjzic6.MeyDDjutWgZs5y/YMrMeoYf0OSus3F7Le"
507,"Janessa","@janessa507","$2a$10$1KG9br2Zsx6DidODPyUtt.sUNK7RQUyCv8P0oJ4SXcenB5B7QqsDy"
508,"Ryley","@ryley508","$2a$10$fQVY62WIk/vlmPPmNb9a2.YKX0bN0TT5dqq0bWjH/8T6tralmtLoK"
509,"Joesph","@joesph509","$2a$10$jTkKUfBmitUpbyHlz.KbyeogwcDXFR8TLDlhzu4pxilZWQAAkxo4S"
510,"Cole","@cole510","$2a$10$/lf1Oz.A46qCKyIoptg1yeQc3kd0Zq0xWuLB.RvWzRlKAE2Ps0b3q"
511,"Mercedes","@mercedes511","$2a$10$lTCZMKHibXp/J6oM0zgfUePTDO8mmbt74yHeJ/E3Oh7mliE9bh/D6"
512,"Sid","@sid512","$2a$10$gNqv3SJvJ16MPdYlFG0bouY8EvmqIlw7qva2V27gVax2yfLQjCDQ2"
513,"Coby","@coby513","$2a$10$cS.nFSqmpQF2mj/EbBdn9.etCLeblV7b2/6.Gq9wQmigIe3kQX8y."
514,"Mckenna","@mckenna514","$2a$10$H8oldFDx8enqOeQlUlw56.3v9MWvl2/q9GhipHy7I7xOpOeJ/r.Hu"
515,"Chelsie","@chelsie515","$2a$10$vTcHPDJCUA71XNEC6tril.fj4uFksqITwUewQyxixuwRj7DESrq9y"
516,"Mckenzie","@mckenzie516","$2a$10$3K6cxcaUDCHhdTP4F2qnf.6JWuEuf39HCIxWXYobFV7QelVQw1uP2"
517,"Giovanna","@giovanna517","$2a$10$Xn3IzEe3Gm1afVf3sng3O.IuLi3oPwEO/8GGDRTj/6ZXqDwfSDxC2"
518,"Rigoberto","@rigoberto518","$2a$10$PBVEKK6fjqHu4021q4jppeBs39bHl/gy9ZmfttMsuZmaixGbwmgKW"
519,"Margret","@margret519","$2a$10$dxfEjzjKeITzrwToml1d6.NJ4VUFptMhBw.rRlbSFafyslnm1TVmu"
520,"Emery","@emery520","$2a$10$DS4SwZlwnDQwFYyWqivGAegu0Kz1tA3TKBMSaG7ym/glZ8.rZ35Lm"
521,"Rosario","@rosario521","$2a$10$N0E/C4Yt7dveqecffXJOiOC8YCU2TiMRx4IUtPO3te/wJr.n0g.vS"
522,"Ena","@ena522","$2a$10$9kPL6.dXCiUEFBE5gsVe1OVTY715TimdYNsMD.xoYwppFol2UW.aa"
523,"Kaitlin","@kaitlin523","$2a$10$HUQYPb3uz12GrqK1RlyHGODdiwVnguuP3QuzLIwWy8m/7cb729kbi"
524,"Nick","@nick524","$2a$10$LZpzPMVebuKrIWkm9Omvh.LHaBaKdJCV5NwFp6RAKL2AMia2a7ZHq"
525,"Pete","@pete525","$2a$10$WtVPl5OQTX6wTrRqHTPTUuHhINgIft/69U1HqixbcJ6GOrli28wRa"
526,"Hershel","@hershel526","$2a$10$EIAfbRVEOXbeHJ9Bw.KtwuYi4tLXqJwA5Uz2JnlvHvJjQ5Wkb4xW6"
527,"Opal","@opal527","$2a$10$AX3EnguS3HAaflkZx7G/0OUQpcUbDhCJqY6CMa54yKfaxcW7BW3/y"
528,"Roderick","@roderick528","$2a$10$KuBO3yWhssNWPdNfN2QuxO8mzGIg/S4abDo9VFpbak2qZWWARptcS"
529,"Cordia","@cordia529","$2a$10$sdf3BkhYqhnUqDarT6Kfv.YMLiLuaih47mtM2jRXTNERggxVdj.xK"
530,"Gilberto","@gilberto530","$2a$10$FWSNlyHSrcZv/./ttGHAbeEpCwPNJDiYQ5Ja7VoRv7g6u3wq9SKWm"
531,"Danyka","@danyka531","$2a$10$8m2LZSnoviCU1e5HBvxake8l4OAB0kPdVhkoCtv0y4Vx1bV.KSlfq"
532,"Sammy","@sammy532","$2a$10$4rdf2sWuUQg7wZlTRdJkjOQ8eTJ4qoqNZ2TMbA52RSE3wtJ0etNmC"
533,"Cassidy","@cassidy533","$2a$10$/tuJrutM/BEbI.jfp9fD4ugbJ13hjAfGGlSTFOCVv2df7uvX8lJyO"
534,"Ilene","@ilene534","$2a$10$msCLCjtzrG2ZXLVdzMybx.1KxZyV.QNMU.ypKZ7MIcaKqvMBXz0p6"
535,"Patsy","@patsy535","$2a$10$Q2WzmeTlubhdV/jFDIUl4u/YwroBe8Tun2yI6l9vI1kzWi3XLN7/G"
536,"Pierce","@pierce536","$2a$10$2HoNW8GnLNu.ExkzSoMcyuGFgorEAJ.cSQPn2DUz5Qu9OkGTdj7w2"
537,"Luther","@luther537","$2a$10$WhtS4bbed2Vgu14kR8d81OBCe6iFMQNObEomm8AJ46KME3.Haav1i"
538,"Ellsworth","@ellsworth538","$2a$10$aEQQXJ1gsHRiCrIDaNzRguw4qN5FXnTQMrxCT0BIK90eWfHxQcynW"
539,"Brendon","@brendon539","$2a$10$AjHUmdZ/Qz.LdMowOvzT5.4p5A2FLKrx1BV5TfkLiHL9QN14zPAwy"
540,"Golden","@golden540","$2a$10$frbLADVqMvh6DXI919so.e0Lat7MMv6D6oj1eYe./b53Fz0Y7exfK"
541,"Orville","@orville541","$2a$10$BfVD4p0mMrK6qo8Y7qlFOe/kEy.D/PYYETg1DjT8Yhg5EUvO9qLqO"
542,"Lavina","@lavina542","$2a$10$7ghLkPWvKbhlqSFf3RxhPuSaBw/Kj4M5HvGNutC2b2Ezv5QcEL.q2"
543,"Nina","@nina543","$2a$10$y4cJMb/QUMWQoe2hu4BxFeCu/tmoSxJPlbtEEH1M79TXuibxAP.xS"
544,"Alfredo","@alfredo544","$2a$10$DCrLx0amNyCP.PLo3LIC7Onx.dcG1wmtP6n8h7s0sYIL2s9FRnECa"
545,"Eric","@eric545","$2a$10$hNerd.DTCGjoil36N8iFSeDEAu.2gF1tS9YK6zLZPh3q.n9I2uXJW"
546,"Deangelo","@deangelo546","$2a$10$TU2uAD./ttLmWoql3SV/auOdGvYrGi/gE/EA38MtpPL9GpZ9k0Jvi"
547,"Chanelle","@chanelle547","$2a$10$sitpXO6MpEn6aSZ7wtUTh.OvH3HHb3vO/xOa9RTrXI/zoKHWykDSi"
548,"Liana","@liana548","$2a$10$TadaWdbcfU2G4m4C4lq4VuDg05GB6BIrwACvQUNdkRnUp5bgE9mMK"
549,"Jonathan","@jonathan549","$2a$10$8R/oS2lkNWuX7dy2.nonHOV.KlmEu5IE56OEYQFyCxho4ZmQ3TbNm"
550,"Telly","@telly550","$2a$10$mqX4ghj11y3JJDi1J4v8ROFKBKXwuhXyUTYqdL6OwFvAZFRvgvrda"
551,"Cassandra","@cassandra551","$2a$10$xJLrcLKTO3kKC7NjS6PjF.pdr9GPNKMJTfUtM9NbxBmi9PyVgah3i"
552,"General","@general552","$2a$10$VVHy1WMd/yZHuXasH2za1uafl3NNZ1aOdoDdsnorqYyUA7rQTzSNi"
553,"Zoie","@zoie553","$2a$10$nulhFqVNyVGu/.dAsVh9c.U7QhTG9zRFfagQL68lUoq3m6PaugmWW"
554,"Ralph","@ralph554","$2a$10$E7TUndxk5fykeMODVPJODuRfQXpO3oD/K7ueQP8opJXcfWqkfQG6S"
555,"Casandra","@casandra555","$2a$10$10Re84yAWbRtKPAf8Q76IOgh9Yk35QmO.aBAaED2x3oeEMrXmQPN."
556,"Meta","@meta556","$2a$10$TbtpT8cK.ddpwh0GHSVMeO9q.mV6Oy.XbYvdHIG19j.9imZyC.MG."
557,"Laurianne","@laurianne557","$2a$10$6rzBlcGtpRlTFj/g8bUhgeOnwNfFbVNZ27tiIPE4A0aagVPgu5L/."
558,"Elmore","@elmore558","$2a$10$m9mmnk0pJRCQMRLG3H8LZO50kQao26mlLQvZEerZwptEc8mnWU05q"
559,"Gunner","@gunner559","$2a$10$hUI3e0s844AQVfXTvaHHNOCHCPxbe6.0my7WN1ONfwiZA4Qu/CYRe"
560,"Zion","@zion560","$2a$10$SxuhiX.6j329sccLHt5.lukAR5fkzyE9J6Mqjsl4vsoj5OZmrIF5q"
561,"Gabriella","@gabriella561","$2a$10$wdhCbSYMqKVifXSx.FiWbea1L.WTMbzwAeklwCa6oXpHjtgnhv9cu"
562,"Amber","@amber562","$2a$10$9qd.iAfsWRmmhzB8JjYDeuUasJexdVMPiks.UuJNgL7F8RpMrW0Tu"
563,"Benny","@benny563","$2a$10$hJPgZ4vkM83PW1cSnnfiVunzXrxXXeLtw/Nol1OD8.2IyTpa6fHjq"
564,"Cristal","@cristal564","$2a$10$U8jztwicYMDXEbRYbsSslOCdCuIh8n1TtbXWXJ7XLXVR9pm2HIuOG"
565,"Elta","@elta565","$2a$10$.4isjUmyCP5XGb4VnbDDt.BESIKdQIneoMRwfEo7zKQbC6TM2H8xy"
566,"Leanna","@leanna566","$2a$10$syYE/1XMTNpUbWmxHTGywOrZUy/KxHOv80hew1v4aOlrZYOWPBpPS"
567,"Jermaine","@jermaine567","$2a$10$ygm1/9/4H/3C3uJnvLDdSuxqP.PU34PX9R3rqOM3QSABbt07dDHD6"
568,"Emiliano","@emiliano568","$2a$10$ndoROPNC2uVIBeSRigB5d.IuX7hAq25xsQ6h9.2NEqV/ot3GlZH7C"
569,"Stephon","@stephon569","$2a$10$OahmyVDg8if7xTvRCTjsLeDbeG/3a1jZ5k1yA5eYDzEeC/XFvVfRC"
570,"Emanuel","@emanuel570","$2a$10$rOCK4uNs0Xb7KJgZS0gtg.UHwTL.lYhf42hZmT3CxATIgI2tKdGyG"
571,"Richard","@richard571","$2a$10$61WYuExnSysUjeY1tEh.uO1LqgSm0r4nOz9XKIKuTRHg3iTNOvpt."
572,"Verna","@verna572","$2a$10$5aNPkvIwK.p.7/VasnkvF.wvT/SphO0WVKMWjovqh3LM.mCmJHZQO"
573,"Weldon","@weldon573","$2a$10$VKpuL0VSxjBKyIwZMKo5ke0i6nbTHB7CBx7OBJ/k/eJjU4NifMw5q"
574,"Sydni","@sydni574","$2a$10$pSIPbERwOlM2tSQED12Ohu9XeREbPxYSINNiptS0OzT7wWHA092ey"
575,"Ethel","@ethel575","$2a$10$QhDWy6W5XYwanuCpVLhOveh4UEpARSMHcaxjPF6eNAme3B5FI4LjG"
576,"Curt","@curt576","$2a$10$rsmC56PIIZswFPnJTs3gR.ajKvf6OXeXg4tn4yT.vkgTkQcC1WsIG"
577,"Bell","@bell577","$2a$10$MMQ1fNBRhPztYnqyqNZp7.vv0IPF.DGqUrGo7DJcRprV9IQs9G/Oy"
578,"Alessia","@alessia578","$2a$10$InO5I/ReSZLiaGSBHK6ED.OnDaRvAp0FNavbb.3uoK0TGNbwWkhTu"
579,"Bernice","@bernice579","$2a$10$Fcp/FR4vhx93Rhq1lVK3U.a7iEIdNR97dO8o.cxb9NLKf6ob5Bkk."
580,"Natasha","@natasha580","$2a$10$ZdJmZgqlLvwv2wRrsmTzPeb.g3cQeUpVis8iBEXe3JppohIlPdMeG"
581,"Kole","@kole581","$2a$10$i4BF9mrVmxXoL9D5aJcWmeyZXgGn9RNCEH8zYf2N/uva1oRyH6qSO"
582,"Coy","@coy582","$2a$10$g2myOeYpVyVZ2U06Fp1VpeRDdYbIG9qSw5Eu1Drw63e5Ha3.U0wUS"
583,"Waldo","@waldo583","$2a$10$IvyMOs2uuD8KfsfnSvicHOau2egcpY4VRNw.8VBhE0DiTqbJMIt5q"
584,"Karolann","@karolann584","$2a$10$XrHw1LUkaLUv8eMb.UZT/e2BA0ehW4ZGofurvdYB5bwQ0V3FXoTP."
585,"Dayana","@dayana585","$2a$10$XrLlTfv2N.gE/yskxkQSeeLlOreshPthTC8cYPkuW.px71alI7JOm"
586,"Damon","@damon586","$2a$10$RvsfBcQ/conXuukxgCRSnOJGDCUxILyM0eUMznW0dMfi7qj9vHO12"
587,"Faustino","@faustino587","$2a$10$xJlpkOizJ6xvAIqB95WUfeDR6EnhnWAHHCjrWNOX5h6yEZO8jJqmG"
588,"Ryan","@ryan588","$2a$10$mGZ5QZKa5vrrVWqd562tyub1uAMud5dDcsT3PxlERzRnLj64gnCMi"
589,"Rosella","@rosella589","$2a$10$N.sCg.870agzWTpaQWc2deP8TQWGgYzUihOVN0EmFH0ViK02i7wKi"
590,"Harry","@harry590","$2a$10$NI/Dwoo6zSX3dBZ.R7YWx.nq8Xt2Os1LcO9P8kl2uhyl0UB2fWb6W"
591,"Floyd","@floyd591","$2a$10$gdaCGxGscSM/62QmK3wDI.uI6cjqPeX..sazphz.fVrDJeNbejDoC"
592,"Melba","@melba592","$2a$10$jhI0hbvkmLeYdbvHNp1suu.7K6cqxWwebBoZkwXKyGklJ7QBdapoW"
593,"Alexis","@alexis593","$2a$10$H1kb0WSw0oP5pflx3Z8jU.IYcy40DjZIno5oXPkB7cTltSLpja5gO"
594,"Yasmeen","@yasmeen594","$2a$10$DVwN92ZswgzNhonx.GqRzONyCjlEQm3zMHOWs2zXdDAFqX/rh0Yqm"
595,"Justyn","@justyn595","$2a$10$yhVhMlWug/4isMVmChFY/OLC.CHDruSDkyn4eQ6SB4p7SExuAzahm"
596,"Mortimer","@mortimer596","$2a$10$ytdILlAw3HhHQ0DWsw.Qc.p6efwo4K7NSYnL8C0Ewxsketw5HP4B2"
597,"Sadie","@sadie597","$2a$10$ZE3NsyMImSDZwW9tjDoOCe3FYl3ScXXQ7loRB9w67Kqe.PBY8kM0e"
598,"Angelina","@angelina598","$2a$10$BYzq.r.EXVPiaEovvhI0ueflSYhYX0ex2/1CqvnT5OQLucJwHsFea"
599,"Velda","@velda599","$2a$10$K2KGoz3.4F6VsIQ14VVCe.zB52/IPPYrYixrnUxUjAi8jfjwb90hO"
600,"Mathew","@mathew600","$2a$10$CItKrRDViX2QLCDdXmXGvO4YSoNqh1q89nny3DjTxJmM.IHDz5Kzq"
601,"Nikita","@nikita601","$2a$10$zS4dgdLgvuMvqPU/hTf/5uVVRdjkLCnrY5wy00W/5Y7WrN/tWv.Um"
602,"Fleta","@fleta602","$2a$10$SrB3K07Y.MAke1IgfDzo8eIEgKTXkQA23WrLEmhzaP7uTW1dirC.m"
603,"Faye","@faye603","$2a$10$FCqYCI0X3dzRoWxSfkErLuPQhdGn3sKX0.LQFmssoT86p14qv/7y6"
604,"Irving","@irving604","$2a$10$avDqeijndphCea5559OO8eo0N5TKHaijjRbA2F6lklKbIfaAZ3BEW"
605,"Jasen","@jasen605","$2a$10$3QLVuK2ZPAIEPxMN4UAp4.RE7nKvEICj9qbg2TM/lO8acGU1xCaQC"
606,"Zechariah","@zechariah606","$2a$10$EfSGub7dX2ZxkAL7.gPJqu.UIA9gh6K7A1R9DUJ9R2hNsQxJvDAWO"
607,"Luisa","@luisa607","$2a$10$Nqw9I/TDqzL78CpSleVJnebNqo9AkspqBbX0cofOuIkokBCAND9g6"
608,"Evalyn","@evalyn608","$2a$10$8wsoS3qpnUAuEdtqL6ZzwOonap9I.tVwdHO/2LVzDydbwgsduD7Pi"
609,"Enid","@enid609","$2a$10$tRXRWHVcs/Ky0uCgOLMrkucDB/ji84AwBTeZ8ZlekJKPQqae/XdSu"
610,"Jesse","@jesse610","$2a$10$EP8pMQlhNAnZjf8ZYMLsEejORA40KvbktzzFJi2w2tE2Syeb9E29C"
611,"Joey","@joey611","$2a$10$sNvZCvh3Da14zd.IqD537.pveZpgn7sKznFhL/NfFOGSrLaD99hoS"
612,"Garret","@garret612","$2a$10$w3JYASVgH6NUnTJ78Mcdq.rA.fMDc7vOeHLoGIiSIqNQ74PLn9uOK"
613,"Katheryn","@katheryn613","$2a$10$Wgak1C2wklyxqUohXK7jVO3ve3kvaH7mz8Y8z7j4/rzxun14hwOeW"
614,"Winston","@winston614","$2a$10$v7mWJlpxYbNfdDhjpeLN.uNXox2HYw3S28q7haDbuRdrFn99NfciO"
615,"Trent","@trent615","$2a$10$IFKgbm9tmvwvvaTRAA4gT.fDMHAOdlQ3m01xCStDn5s7/7nRg6D5S"
616,"Magnus","@magnus616","$2a$10$Kg8thLy5o3lKtQS8hOa7Ye43HlOZYygcaqriMj5td2HDZUIo3iUIy"
617,"Delaney","@delaney617","$2a$10$Fj2I1aJkeqt8Bi6qPelHeOUqZbpTAbV/hF/11gMKzf/f7Bozq8jdu"
618,"Terrill","@terrill618","$2a$10$IjCaXq5XqIKnwxvg7zvseuaeLc4pDZ2YCqjgRrIh06kSSuxNAKOcC"
619,"Aniyah","@aniyah619","$2a$10$QyBHWOqETpON9uZD6X2eWuEhradzpOxfDY/0JJY/VVWLZrufBRd.q"
620,"Reba","@reba620","$2a$10$K6kt7EypMqPL/4BO2b.wH.ANSiq3W3UTG5cYMaNtKpPZXqeGxxbBG"
621,"Gerald","@gerald621","$2a$10$j6fdhvGkDc2Xtcb9uJ/kIOLqGCN81KfCf2Ih8n7tfDX7Z92ViE.Ci"
622,"Jessy","@jessy622","$2a$10$d8l17.5/CP46DTdBlmlwDOagFslW0zLAGXP1ECvlEItdqj76C4Zru"
623,"Grayce","@grayce623","$2a$10$sXE0tEc7m2qZexbdkll9tegHbVL/UCngy1EVAhW4JGmXQ7yXMpIPe"
624,"Dylan","@dylan624","$2a$10$q8r6/9IjQF8NHGIjbbgI/.roepsGXlK8X3CFZWlvh1rf4PH4s9RjW"
625,"Tre","@tre625","$2a$10$WkyLuZp1H0GINCbtCWPcQOCdMgvCVke00fINhlU7RCPbDpBibzdSi"
626,"Hazle","@hazle626","$2a$10$.Ek6Q8DJiHo1VO0cu2x7Ke5JpHKutwOX7BWPdNv5glaDMsRrs9Bsm"
627,"Trey","@trey627","$2a$10$AMHh02Id7zXDp6NLxZfj4efw6kWPx6pd.sFRcJWkQp5K2b26SG38i"
628,"Lavern","@lavern628","$2a$10$oECAUQm1VhX4oFzh7RJ5qOlnKcDorqLuPWqU60P1DWc9XnrtEfBS."
629,"Gabe","@gabe629","$2a$10$uqWyjEmACESLB8fVB.Lyievhi3fEtVyk7yBe77XrXqrKS8K5YkXWy"
630,"Reid","@reid630","$2a$10$bX/oH6DDscdxxFHSiaKicu91iSqbaKyXA5WsTATqEqie2qrgbHKI."
631,"Kiel","@kiel631","$2a$10$9iyVuiEsUQbecpd5QwrunuBcH.D6pQ/uGppV6wgxtGdYon2EsZi7m"
632,"Easter","@easter632","$2a$10$Vwd4O6Mol0LqAdZVbJoHGuTfJG5011.JovRfXctiTE81mup2Y/60."
633,"Kiarra","@kiarra633","$2a$10$Q/Tp.PSMYkHDGdMZiYDhDOWieqxuPDDMjBk8qIAykLW/R5AQp9h8W"
634,"Norberto","@norberto634","$2a$10$ZF7cvLLxRreNOSShPUN7EODQfUaabYf8QFxlkDh6xE1Oe1k.LvnEe"
635,"Aniya","@aniya635","$2a$10$GIXMNVoHy6r9Xd..ceuSJ.yaaKEyKBIL7on3GyDRS/p39q83LVm6u"
636,"Irwin","@irwin636","$2a$10$9SQod3BC9rRx8rmzqsE8Ze.EDjxIHiQDNrdaeMAIgyY62sxiJ0RKq"
637,"Danial","@danial637","$2a$10$lkEKmD1XeKdCuJRUQB9QjeLCbupqTxFHKeA6S4m.yz5eqI5Gcsb0y"
638,"Alisa","@alisa638","$2a$10$jzRcJJirh6cifmXcguYyU.kD5Pj1wxl6I9nW7D4lyTNeXkYEi75cm"
639,"Renee","@renee639","$2a$10$OQMN0D3l900N35RdxZ2n3e6Ypx.eEcvaoTZqgWoZjH.FO24XKnTD."
640,"Omer","@omer640","$2a$10$nAcGXFnX8vhOSYcIRmJ3NeJTcwKmM0TGXrsd1567q98jN.gbUI8iC"
641,"Nicklaus","@nicklaus641","$2a$10$sdQM.LShWZXDySRolemnvuMecPZ/W1hjioCcWTqiHI8Z8UW.D4Kuy"
642,"Lila","@lila642","$2a$10$vIVzBCUrHhIZz9.OCGGo/eEt2BN5Mj5MvDgwmsw6z6.X9fK6SdL9a"
643,"Julius","@julius643","$2a$10$nJEOGaeLri47nC04eWhNV.hZcKfs2eBWMa73nnWV5b43W1D8jMw0e"
644,"Florencio","@florencio644","$2a$10$6k7qsh7T0D4uUHCbA2R2wO.RzTJCE9BTYo9NVRNtOB5ISq/Sm.Gdm"
645,"Afton","@afton645","$2a$10$vD2Yr.MEkwQjcRqsl060Ju9SATt64QGj1E6iAU3685WygK6c8H.VC"
646,"Karlee","@karlee646","$2a$10$LDZbpLrP/WEREMJ.vHYK6uea0TgKwYRqfopYSH939M8LLzma06I9u"
647,"Madelyn","@madelyn647","$2a$10$nE5BdVFU0.aPAe/7/A5pl.U05.LPDIZempTLNU9PNQs5n3wkef4YW"
648,"Stan","@stan648","$2a$10$CHAgXBRiMy.XqcwwtevIheJ/KxThLPxUIUpwNxg6yomWPXLKx16nG"
649,"Alexandra","@alexandra649","$2a$10$eyXWUPgMFJKXPPt8LYoMUO3XljtauNtuAJL5q0dr8f.9xJSNaaG9W"
650,"Sydnie","@sydnie650","$2a$10$1c8synZmSVE8YKDrqmwPwOnRO5MOpY0MUEv5IZCuE8AQYMPg7NbzC"
651,"Judah","@judah651","$2a$10$xtjJyYEoG9dklBr65FoBmu1z9EUnH/5FGgXCGyuJ7RpRvTRgnMlcq"
652,"Susie","@susie652","$2a$10$VptCLjghN176tNcQ4YDPK.ZfZhuk0gf9Ed6DXDvltF3xfQN1x1Onu"
653,"Carmel","@carmel653","$2a$10$6yvubSN/Ltx61lgcB8LYiedTp8h8rZeiGDjctIRV9oZEB4egtwX8q"
654,"Frederik","@frederik654","$2a$10$MgcieVDB19ngiuj.nIzUoOf5WLCynbVJaj.1Er8UMvtQexR3TREMu"
655,"Ned","@ned655","$2a$10$29o7Eva79iHh93tU8r4GZeQnmMkWaBTcRstrZUr5Ztw3NF55Zd9ja"
656,"Ward","@ward656","$2a$10$oFGAx2yyHTQooOV6VrktsOIzIw/dgKtAPijrWtIIdbl3vngZbbf22"
657,"Marjory","@marjory657","$2a$10$BtqCd39gTzUYuAn1LOgyKufgVRb37t4RhuYibg9wKD7EFaM.zpeAy"
658,"Monroe","@monroe658","$2a$10$UdHJsX9KjBokZzBZRQx9SuWM9JAL7.HXRhWYMLaTwdLB7hJ/3YA7S"
659,"Orrin","@orrin659","$2a$10$6SUAl6HaIz9oSnSHhdgX3O6G8dAR1Gtk6F1u0wq7Km.686uUpZpwa"
660,"Zella","@zella660","$2a$10$V0qoke94fOtXC6ARW4D8a.sVPBvnDSH8hjED/QKm6HmdCRrWj2ffy"
661,"Aubrey","@aubrey661","$2a$10$XJjUYZSyf7D3rfGU7HjvS.3A38ZXi/O5PfXB8N.vlORNfUhLtL1LW"
662,"German","@german662","$2a$10$0Q0i8DcAQIp65T2fdGfzu.286eYDeSaIQO7nRK359lcCjBMfwEJ1y"
663,"Vivien","@vivien663","$2a$10$4THGGopORQCF9dNIT0CpyOS.g4DcpgtayIFo9i8qrh39FSoo/N5nu"
664,"Augustine","@augustine664","$2a$10$LufDHhGF29ktXu8wWC6dMuSZf6q3x.zcNPXvHYl4Ki466zfVeeR1W"
665,"Josianne","@josianne665","$2a$10$y/lkO8J0/luUDdLQVUtvqOHDp5Pvsk19Fb6SQw7LblRFFCcI9JtVq"
666,"Isaiah","@isaiah666","$2a$10$N2Vu/f2rUk3uZNE2IyR47.uL0HfQzksnSFsYCrNJaunEVFlgyZo6S"
667,"Arne","@arne667","$2a$10$GH8eQkxWr19zNn1eJMJP2uiGqf7INIHofuCxU/d9UtTRyNHrWoddG"
668,"Aurelio","@aurelio668","$2a$10$RUr9PfOYSARhzf1cOr2rYe.2o.gkw5yn4JfaYOnU0dx7LD3X92fdC"
669,"Zaria","@zaria669","$2a$10$PLsRXZg2mJSgMx9CPVkH0O7uZSMRrezol7bK5uOAa.ftY4.7WGdMO"
670,"Willow","@willow670","$2a$10$wr7WfWRDmMQ1yES5Y2fJEuTdQF2DGHuq1F/VgA4169tLTMvLqlNbi"
671,"Monserrat","@monserrat671","$2a$10$FOV4auQJaN3xP9x./q4BhOM7FqiAjD.XMTpAeqic7tVaXqfncvem6"
672,"Michel","@michel672","$2a$10$JeOnB4iEDvHQkiUGjwT8K.WJ9zFcUyYqg3xuX8gIXR1x4iP5D4iwe"
673,"Layne","@layne673","$2a$10$CGJkX3VSAUDn26MEeCGAiO6Wg0MadlD6aMvgHdKVbSTjfWp61ygP."
674,"Beaulah","@beaulah674","$2a$10$XqCV0gdE5awwwN6uS1sfD.5gnaXbxGKs6AgbYcLH2SrQk5t/zpWLG"
675,"Alvah","@alvah675","$2a$10$RUPbopcAHiG4cnwi6s706uI91KnhNAXJFZDNbGtZX18Bygmw.gkAu"
676,"Kurt","@kurt676","$2a$10$1OKHEPnir6XuMLzo.wjLVOMAW7.q0yefolRzewFe7F7Z/FhFOtCPG"
677,"Oliver","@oliver677","$2a$10$s.Ub.xeJiIT3x4uFECAIOexXoNfWanI7/VoJ8BUKdHo9rCirNGTne"
678,"Duncan","@duncan678","$2a$10$EFybP/EIH0TGxgWf3dBdT.SNmzLhMMwalYEDBQCQaLh01AzAEdwyC"
679,"Carlie","@carlie679","$2a$10$i4uX6becBxoeO3vVCwVwv.c9aWe5L4iLupx7RDJs3aqeoKGbAqig6"
680,"Alysha","@alysha680","$2a$10$A.39qqjMB8ZWUV5pP8dmEu628oshu0UvFw5Uk.TpVE5kIoJNz3ZgW"
681,"Brittany","@brittany681","$2a$10$lPt1aHrhrfpk4E.9Tz7a8.06bEdirkoTyls1sQeYW5mHqBGCKkl5e"
682,"Drew","@drew682","$2a$10$l5lVrCnitpRPOwypECknCuuPGppadsI33MgdawYT45.X7YFotEQG."
683,"Cary","@cary683","$2a$10$JGkrkJkVxgnkj96e0jTS/OW0p/r8waW9fUfKq4GYGkDGauTQEBQzK"
684,"Hope","@hope684","$2a$10$S/Enshn/Kzj8xcRyLjCbv.NuU1GuKg4PrqpdQUCyw2HSDXRUJ9aNW"
685,"Nestor","@nestor685","$2a$10$RWZaDr6p7SvNgpxJSM1lz.WefAWWGBv4pDHV8u0mipD62EWN0S4YW"
686,"Lupe","@lupe686","$2a$10$y0kAm.Gz9z1ASuxql4.qEetFmz8.SRnEWxm/rAVBHM4Ar9YLAeF5y"
687,"Bobbie","@bobbie687","$2a$10$Y4nQs0FqFlhrfhWsUhQ9QOqUk9xRwGU0nczZA44SImDLIvH9qv7d."
688,"Griffin","@griffin688","$2a$10$OjMyQ3c4jVo.fVm.VhHQfOKZD0ZI2b/5u139ciwqEesuPy7hAzERS"
689,"Eleazar","@eleazar689","$2a$10$.zkSNcwRZGXlYnl4nbfdFuHLReNGqjlGZEwb27uYYS6GEJqghqtWu"
690,"Loren","@loren690","$2a$10$ZP/eBWn59egPMB7f8BanJe2ujae0MAw2GnDJdEsMUQPq5hMF0kB/2"
691,"Hans","@hans691","$2a$10$yHemX4M1B5NQBXHeZSF33eQ8SSFxdoyl2GNoiH9Kx.N6Tj3y/GY8u"
692,"Cloyd","@cloyd692","$2a$10$sxKoUZXKzl1Y5ZVM9FAuJOw5BIbnZGbTgxZB1OYO3Mwn.9YlW5sAy"
693,"Karl","@karl693","$2a$10$AyORpb55WxDO0P/voWdwF.668VJAz.6AUfc19Ybe0nWS7F4aJafvy"
694,"Braden","@braden694","$2a$10$pQOkN/y74akAVvYCCDLQoespkBcnUzJiCcc7O99JXfAfFm3kQCB1a"
695,"Clifford","@clifford695","$2a$10$HWWL7whyWZXGZykNCc24Qu1SOz7e/QVNz3mvvIy/VRwzwzUDX3a1y"
696,"Hadley","@hadley696","$2a$10$cyx.l/uWaMWuaxt/p.HhceeSW7YTgaUcdyrjwr7G7EGINXgNy1a5y"
697,"Micah","@micah697","$2a$10$HgzP.igA27zU.DZqIno.rObiDOHcvbX4/URDqprdKDsKwjPv9LUsG"
698,"Eula","@eula698","$2a$10$gGopyj/lO20ZpE2qkrxW5ul2SwNbs08kQ.EeSIX/mojueZqQPexuW"
699,"Veda","@veda699","$2a$10$zc4yO.//8xPDC.fNwbuQMOxiopsgYvR91YGiyEz5tpJ1wWLylrQMy"
700,"Dedrick","@dedrick700","$2a$10$8blOiHawpEM3684nTtg.Keg.aVVeMpVxDObPWyM0KjlgvZS7tDae2"
701,"Antonia","@antonia701","$2a$10$WR1Xjuqr8lSceEZ5xf3lGuLM4f4Q5UGIt/dPFr9oKs5qigAUk./4W"
702,"Leif","@leif702","$2a$10$pATYWS32d4wG23s5Eq2cJe.NQWQzpKmEPzL8fkMrzQkfsjTF2Ssd6"
703,"Sedrick","@sedrick703","$2a$10$v2jMQmylzBJI4if.oGXqZeuNNLyOVKU37MVamAmJPuL0FEyqdq68."
704,"Kaley","@kaley704","$2a$10$ZqVmBSsgIl26nPToCHX5Pe32QS.SRX46114qg5gfv5xvR0JizXQPG"
705,"Andreane","@andreane705","$2a$10$AmnOpAYD6kvs.T0KDXZMbeCOWnVYpcu4EToLSm5DgieKVF87kYsHy"
706,"Lina","@lina706","$2a$10$lFQmQgxwKR15SWCf.3RKM.iQJTZUzlXRpYW/qEehJPHwPLE5ZZ8mK"
707,"Daren","@daren707","$2a$10$9XxtwsGS33E78pWmNRcdE.iUIYwKNBq3aeXouLnbjzEdCytUgssRu"
708,"Charity","@charity708","$2a$10$o26AryraA3txzSu5m0zlpOb8M4VRpQGdQxtzVWYsJg1KmLZ/pE/.G"
709,"Hollis","@hollis709","$2a$10$BO.Suk8aPbbKubaajRV0tO77LZhEVXiBOZxuq6jFP7yyueJnO1qHS"
710,"Beth","@beth710","$2a$10$ZqGlgSvRVGlFYSaDWp8aoOFDWihECU1NF6KHgzH22E899rjbTIyEG"
711,"Brandyn","@brandyn711","$2a$10$fkoUDCPpNEzcXnxuFfQgMOHulfpq92ASx7mpQfKaXDSRewpop94rG"
712,"Pierre","@pierre712","$2a$10$mCndPQkGvmXU1LHkkVbZS.XnKxc6d/wH2UhIibu/6VHH95exeiLH."
713,"Cecil","@cecil713","$2a$10$7YsbFKsgsIRuxks1XPud8uDUSKY2e1Lcs8wm7CY4Kcbcd.ZD5aIiG"
714,"Myles","@myles714","$2a$10$PNAXvH23Bz7mw0NYD1ujXuHDBidtd4lyTUnMT3E3l/gKi/mzrqXdK"
715,"Lionel","@lionel715","$2a$10$St8579HPv/lQsBZ1Q1fM.e8hoKndCY07HClxu9iE3zvR5yWTnHwZa"
716,"Violet","@violet716","$2a$10$e9AwNO9fZrH2oDokJVRRNO40PAPZVlBqLd4lgvlrL0eb.M8bVZjWy"
717,"Abigail","@abigail717","$2a$10$hGahbdUN6J5w0xpyWFhSXuvWjY3K3Xh2/f4Mfs5PYLro/NiNED8J6"
718,"Arno","@arno718","$2a$10$hwIlMZAYRBHMrW3jXcxt1eilae6YTiJkcbaqQFvOd3nm75KPL7xXG"
719,"Kaylee","@kaylee719","$2a$10$Bm9B8RzPH7kn0FCx6E.kk.SJQDAFoc0boC9dpC9CYy2m..pDb4C9C"
720,"Susan","@susan720","$2a$10$AUwl9VkRh5u35l9I1HkoJO71qKqdwchLNf04AVa8/lJReyzPikSO."
721,"Arvel","@arvel721","$2a$10$0p7FxDoGzl3V/Fdk.9jS1eiOrVtl4PB4u9FSS0rQOzQeTe5m07qtm"
722,"Cletus","@cletus722","$2a$10$41/qihthyyrEfcWavOowt./601F8rabLd2hKDMxEIkbQ4mQPI9Uqe"
723,"Berry","@berry723","$2a$10$Bij4H6k/fNmtMyI/r/KsPeHVk4T9h.U5y269i/HVZ2aYOoQ3DQ0a2"
724,"Torrey","@torrey724","$2a$10$0VCTF6MJeVfZzn0txYTjs.m3CUtaRwGu9RL/juP2iDg7jnxDom4w."
725,"Annabel","@annabel725","$2a$10$Qa4OuKbdqjn65gKvRm73cuXE6SXYcJLLZ32ElYa4OB4KCVGM7stAW"
726,"Jaylin","@jaylin726","$2a$10$ApLNL9iP21KbO6/dH0ZoPOUqhLhxVz.wFNlriMZz.NjWqDgSeW4uK"
727,"Remington","@remington727","$2a$10$zRMYJmG1rYNJjMe5p9dQO.tL/qWTIuGMm6dQXhZ0Gw8Jy3VZKWAt."
728,"Kiera","@kiera728","$2a$10$nluBf3jsQ8R3HOOGIMTg..HMZK2JPjKnavEX7vtkR/kp4GhsbMC8."
729,"Brent","@brent729","$2a$10$.TtkM8h7H50zhIxYy5PH0uMFT7mDJmAJCo9qjKeqby7j6vuQQH1au"
730,"Janiya","@janiya730","$2a$10$NWPJ4reB4CIVsHcdkz7Dpu44B/lnyUCypHtKLi3vaXTcVZpGDdm0e"
731,"Stanton","@stanton731","$2a$10$wTi7RpQ5o.MKtgq63PAg2OlvEbWMXWcH3smfbV3PrBF9evPkd67By"
732,"Jamil","@jamil732","$2a$10$s4geBcxM..W0ZULh9hIHEOxBR/OzJnWXF1yS9Oq.C5uI3HsaZ.YcS"
733,"Laurie","@laurie733","$2a$10$ZsXpUNsQv64kMSnDTqmhX.4Qqd4/xOgXkegjo9m.ZCZeM7Dw.QmGG"
734,"Bennett","@bennett734","$2a$10$XHhbqGV9D6rxcDX4PGcl5..xQ/nfe6f0UaiUL.WP61HQl00JExGNi"
735,"Domingo","@domingo735","$2a$10$TVz661WGI9LkkTUVgPPADOExp/FIGaqkdFF6QH6j1THv3tUEz.75e"
736,"Cierra","@cierra736","$2a$10$gR8dDos6sp2MKDu7fR3anudEh0sUD5I8m0KwmqAB2IwkEUCNTcjx6"
737,"Adrian","@adrian737","$2a$10$ADfHB8lcVugHyHaGmD4OTeSpoVXuN.Lrmz5iiIhcKkrzrRZapkagi"
738,"Gladyce","@gladyce738","$2a$10$xGXG27A.Igs5Zh/Xx59GfOatRvKg9nBi6jRn985jS0E1ZC6GkbycS"
739,"Oswaldo","@oswaldo739","$2a$10$QHyIKcHucbNUbBHHGJ8tL.miLNcZVmg46SorNBkSHHjNqdrKeKMfq"
740,"Marcus","@marcus740","$2a$10$D.7dx/V5KFtjGT1RR0nVwOtMee2tWWwJ9HiHdoDDjspDuxDnPfvC6"
741,"Dominique","@dominique741","$2a$10$iGOEU32TZ4D9xTlj3kXZw.RQ1o8VJFq6aaj.X24pQJzVtkjPCLy9O"
742,"Ines","@ines742","$2a$10$J17l2uNBVgJZYrMN3WwIueigJKrusUcG0NMenwfPDaQPCuPPwOyci"
743,"Garnet","@garnet743","$2a$10$F6thxDf9c6MApAJeGvW2ceWqd.9KRshVhKA.x/rCCBcRvXjZBahT."
744,"Birdie","@birdie744","$2a$10$pq4oGBAWN4PS0m9SeXSUMOjheD8fKG8H6pHXKBPcUoz1d3lUNF/dy"
745,"Jaiden","@jaiden745","$2a$10$u5ZjQaL/g27Mzy6B3Ai7CuHXefpjMRAG.DrkxrhlMrCvqj9LZDGxe"
746,"Ruth","@ruth746","$2a$10$C15Tpn2zJo.zI60OAgURie0C3RQNsMxW9/jQLC2bkf0sk3Ux8oFiq"
747,"Verdie","@verdie747","$2a$10$tjRJ3uf.50pt.j1ojOOR/uYcPxWVRGmryvJSTgvOcLQjT0EUpCJzm"
748,"Alvera","@alvera748","$2a$10$BBDPPgN2GdkoGL.2WSIp8.ZdWSOTCF3JlhMNyljqFyJ9zB/wHzll2"
749,"Giuseppe","@giuseppe749","$2a$10$pGQWDbc1RO5t5uwbGiAqmeNSCzN/r1oyzMlFqqn0IEYzRNYFvcIx6"
750,"Rollin","@rollin750","$2a$10$wXB7pJRLcFyyjPLdwbAjvuS0ZnLsltyURkVQcOfDcsgeZZLI3KJza"
751,"Nathanael","@nathanael751","$2a$10$QtY.Jh0P1j10/ao7m0slgOwEdQc75kO9Mc5WOZVLvFJw9.e1ukvay"
752,"Natalie","@natalie752","$2a$10$AP8SJGwg79mJT94wiEahp.KeOR3nTvwJFd6enEYnuxvVmaUkByhye"
753,"Ladarius","@ladarius753","$2a$10$6kcXXfAsr5W6o7fXAkli4eB18TFleCsvbwl3Z9Q7MUDJZXwuwgTca"
754,"Rowena","@rowena754","$2a$10$wLD5FfZx16J5.LquiabX3.aHwwb2bp5mXEx5UiZfbs84XrsA7M.Ty"
755,"Chaya","@chaya755","$2a$10$O0MVg9GnkgoLA98lPoEjr.UFYY9J7oV8c8mOuuPyHzr4jqNbgFtq6"
756,"Dolores","@dolores756","$2a$10$e7cnAAshMmJVZ0By35rRUePxTDOXZjJgG9SmqewRgdp7Rmn4ZAwAa"
757,"Polly","@polly757","$2a$10$qXHCWD.4LgXDUJnGcm9ULOvCb51xMHx76WrY85rBj7ZA2M7i6/MtK"
758,"Michelle","@michelle758","$2a$10$QrHWAgviLX4qvxtEfqWFveFMQ.uX3iWHPZm/6wD9TgqfqTkmeLWg2"
759,"Giovanny","@giovanny759","$2a$10$KgJSovHl45bX.w9WJXuyPOl0tNpFRbSnK8O7fKhv1o/oxj2kbJrO2"
760,"Noemie","@noemie760","$2a$10$DlcESZsYXfdGe0biTEySkeIB4rsUR/A2.PON/0OeXeTlA.n9BeHvG"
761,"Connor","@connor761","$2a$10$kBm5c794GqMg34qMufX8iunvRPXCHGWYhEZ27eQkoODa3BS5iWWty"
762,"Erick","@erick762","$2a$10$0HgTZzceMjnFg6sRQoFmNuCLDwjEAzdTk.tk2WgBkzvmrW6vJcO9e"
763,"Destini","@destini763","$2a$10$5VYffw1d3QxVO5J2K7Enk.QEoeRefSxoJbicqfCyMKEohNIA./74a"
764,"Pinkie","@pinkie764","$2a$10$47l/ruTFR6GPFoJcx2yYdu2jXXk29RqTcgaHkMPmhtCW7wIk9Y3MW"
765,"Jarrell","@jarrell765","$2a$10$btdCdMw/6dWU5yphdTDRTOF6kF9Cwo589XvaUeIex4X7ZgoCHtW/u"
766,"Melany","@melany766","$2a$10$UfLWHZtS80Q0m8B5Jg1ffOR70ZV0vmDaSFk7R5q9SX6/VBWlh5xaK"
767,"Gayle","@gayle767","$2a$10$QVLJ9/K3w5LWMGZfBFxkc.NEnUckEn91/huseTt31T.V3W13/zv.a"
768,"Sim","@sim768","$2a$10$HyS1uBshc4WwppuL3/i33u/aW/0jDtPoDybSZ95piImgsiSZ3Wdxq"
769,"Elza","@elza769","$2a$10$Wyj/.0ugE9RchqxYlDPfBu9mDQ/aKYVVQdg9xC/00WT/TMW0izqmK"
770,"Caleigh","@caleigh770","$2a$10$BdXaH0oRV.gsqpbJ2AtyzeCgd7bmsn4gJtFFMVO0d9WDjPcHP349G"
771,"Johathan","@johathan771","$2a$10$OVxjbzYAm4jFMKEoxqH.Me6DRePfDmrK7q81Z8Kbrizmt2Eccsk4O"
772,"Timothy","@timothy772","$2a$10$ZPnL60ePo8f49OnMpD1yFub1uXaLsf291y/A1bJhD2xSiNqsT2Dsq"
773,"Murphy","@murphy773","$2a$10$EbNscfrcyEEZ/atKs818/O6DBRG1KVHz0h7ppFKPmi5GdRbTIxjAS"
774,"Juwan","@juwan774","$2a$10$IVhNq1R/fsKxrrFYD2fF0up0wrzu1Yw.g.5NWqysFZl7LjRfmNuZy"
775,"Cayla","@cayla775","$2a$10$.hrokspDSXMbweK4ZWNJA.12AQoyZb4Nba6If5EzKXEsNcp45FgR."
776,"Rosendo","@rosendo776","$2a$10$RFDiiflCrELpGCRo8KCfWOpWJt0tNJV3uVtEv1Y0JedWw4VwOQSGW"
777,"Branson","@branson777","$2a$10$RI/3wKfLvaKcBPetP5bSou86C5LtAQIiRi32OCsF8TTePZx/1bayi"
778,"Octavia","@octavia778","$2a$10$zYIZ.G69toJvE1jddUa7Ce2e/Qeat39MahvxLH6ojWdd9rHMSy64e"
779,"Skye","@skye779","$2a$10$8rmhKlDaFeh5EG8lwiKWMugTDh3g9Ucu.9LVM02F9ztSF99wU8Cli"
780,"Lucy","@lucy780","$2a$10$vc407rOAV7vyHmR0Ce8wg.2ISxIUfEkAdJxZeNRJNHMQ1PpV3Rgpu"
781,"Ayla","@ayla781","$2a$10$aHvrbjRNstPF3YraC82riOZuwQ.aiW3WkGlQib2qEklda8x09tPFu"
782,"Rick","@rick782","$2a$10$vqLcw6Q6K0BISSRgU9WsBeG2bkknjRE9T722TZPa/eaI74OYpcLWa"
783,"Buck","@buck783","$2a$10$lcHlHmOZY5T8StPPcoQwO.hnpQGc1vG98vpUrM9Sox/w6m6QO119W"
784,"Charlene","@charlene784","$2a$10$iZT5PGCKdvbkph.8RIEXgutFpjfUNRVGZ8fYR8WVLsSBDN7yRQF5e"
785,"Uriel","@uriel785","$2a$10$bvegLLgYhy0chjLvCHDfIeTLwPdihQ75NxMSL2nsgxzQaJHESLIuC"
786,"Sibyl","@sibyl786","$2a$10$IGl1S46QZ3PnsYlRFCfhquZ5lEgBxSWX29bwhBE1GvLIvGJakXIxy"
787,"Abraham","@abraham787","$2a$10$RxCExf6OXcjTlSw/3SADeOUFft3SxWf8usgatespWmvGhXD9qocm6"
788,"Mose","@mose788","$2a$10$iUqRK9tioB80mmzpbY5TfulMXA3F0cWUruSvjpDa7ukfM9YSKt9rC"
789,"Darrel","@darrel789","$2a$10$B1v9Rw2Wb.kTg9r.tu752OdMTTbVC7EMgocYvhPsHrv7aLuAtY0Si"
790,"Rudy","@rudy790","$2a$10$EmPxIHYsP8xCexjMZ6J6SOq.cbQUFUua6BrpfU7Oh5lmr4cJjDe1S"
791,"Tom","@tom791","$2a$10$gu5KkVUE2xStzg2WYLcIteJcNatmUsaBPsSBFkmaSpspFSF/NcZ36"
792,"Laisha","@laisha792","$2a$10$ULo3JtPzBprXtIsuUEBBi.hkjVLd/DTrLOeCesjf60mTlxXIGPPEi"
793,"Annabelle","@annabelle793","$2a$10$45/ZhRW0seBuXrGvUHswe.hgTmYl7RsCpkuGnuX.B1XchNXOPAqVa"
794,"Emilio","@emilio794","$2a$10$rz5MR2QhYt0hM4c1jyGjMe.mIzEPJ3WBV.IaiFVnLyu0kLv9wr52G"
795,"Dahlia","@dahlia795","$2a$10$Jtwj8zJhuzbjAsMYj8AtjuwzVU2E0JTITc3zyS2vH18GtLg07vMHu"
796,"Jake","@jake796","$2a$10$MOJyWBbFmqM.A2.f5UrjU.LsjPXyoK6wuC5ZDU2qc.1s9PAP27cZO"
797,"Junior","@junior797","$2a$10$fKv9ZVL/19fSRUDh9GYu5Okctex5MXfNfHVQcZHmRwsgUOaHL6XRe"
798,"Chase","@chase798","$2a$10$bFFHeQGE1aetxyXptu2lmu/5roCPfhFzt6SOGYx56tUZnbEp/JCi2"
799,"Kareem","@kareem799","$2a$10$wOT6VFAYybe/ViEJC1g6su6.ydQxYS3ZYxcyRQhj9UJl9Oqha0xDy"
800,"Nella","@nella800","$2a$10$QWtNcsCBeVsmfjhkgmlh..NdIbOD5PIzBWahGUExNsLeAUl419o9K"
801,"Leopold","@leopold801","$2a$10$9bMs/kgVqoUBPDAXEK8pVeilOmf..RZ/01A8Q6CI7LfyGw6e6W/0K"
802,"Nona","@nona802","$2a$10$eORQfVU0oU2MFxXYoDVpG.N6c61LoSQQS.N/8xCTuDamjj1n0Joce"
803,"Toni","@toni803","$2a$10$4FduVn761oTNRGMwx0/ZPuItTR7PHsD5isRo.dz.Au6E.eTPyiCxm"
804,"Annie","@annie804","$2a$10$O5xO3EUqAJLr9nUKc8tW7OQFRTIEa7u9PtYm/.gt/UK95yTin.EJC"
805,"Jessica","@jessica805","$2a$10$uqXexvhuJU7g9q6GjXw.FuTVU5XQuEsAwVqIls4k/VbfFblcXBdrK"
806,"Ayana","@ayana806","$2a$10$r4tBDO5LlSTzFJZDiwpbd.PwK3t9MU6.CSt9PgOBgc/CMdnCIcdfG"
807,"Freida","@freida807","$2a$10$0EkLbRsFP3jrWPXEVXIjwe9wfhjBuwisbhJeWYmhpntFF9VRcqOES"
808,"Monte","@monte808","$2a$10$QXBSL.jbs/1gHKf.MCr9bOFQ2fF4zv3POFPiYb2riqY820hnsRvk6"
809,"Christop","@christop809","$2a$10$NW5guD5DGUslsgMxyinUm.AVXnPk9R9cfP2FkZ0PIUfGmkASpRYhS"
810,"Fabiola","@fabiola810","$2a$10$56sfshhzYfqtT4wUcJAg8eAH2uCB1omTVTMnduSdjMgwrslwKfnTq"
811,"Sallie","@sallie811","$2a$10$vcyWCI4oXbbRqd.gaPGtb.0Xn/QczEApa6Jzej.fbpJas10aVuJCi"
812,"Gracie","@gracie812","$2a$10$4Ca6KKVOWb3GXM00rDy7YelleH3UAal7VTQqrdQRuscjayRbQniPW"
813,"Austin","@austin813","$2a$10$w/Df4MT5IuR7QQIaELfO3uUcqtm6OrYoy5qvUkDzJUe93J4uIFgPu"
814,"Otilia","@otilia814","$2a$10$wJzhXaN7M.srkOMiygaSGeczfMyYP6QRzZGwizXQkn63k1dYf5O.C"
815,"Marisa","@marisa815","$2a$10$Tlck17KfRF5KxuSYM9.jZu99KzegrgqoL6rSmPONWQ7ME8FYBoyr."
816,"Josefina","@josefina816","$2a$10$ULtI9PF6W.zGS938j541P.gkZEinIEoYdClsiQQd7w4agoyTIJECe"
817,"Oda","@oda817","$2a$10$KCsVvBsqPyC8ffGVBm9XQemKbPIJ9IiRqsRSIAXHRyON2fp3ULPK2"
818,"Maegan","@maegan818","$2a$10$ZMfAn3p/qSN9X9IyH2T5MOZXg9fSYI1ueaww5cyjAxEielDZm/e.S"
819,"Annalise","@annalise819","$2a$10$qvEiKI1HoUVpGlZTxbDku..hRdjPFjORVA2pe8bZyIatswZHaDvrq"
820,"Theodora","@theodora820","$2a$10$YpOi0zhDMdnBrniJxojkXOkiGy0lqi5knvhQpV2wedmldQMof/CXC"
821,"Kamryn","@kamryn821","$2a$10$3/sSkCMXD96hyMjgnlAdueX2a0V7xQj27kpTHa/AF.yzc0s.GSil6"
822,"Mathias","@mathias822","$2a$10$WknF5mxms9D8nAB98pU1v.v6lU3k/n.j9k4k8iRNx.CEmt26difOe"
823,"Marquise","@marquise823","$2a$10$WtviezMOT1DQIzW5FzT7tONKnMUmsyAiQDtYmvMEOcHUDk52YgjQu"
824,"Freddie","@freddie824","$2a$10$UZ4A7M0faBb03DdkKOe2c.YUWd71EU457pZIR7FlcYl6EqONKEBMi"
825,"Aileen","@aileen825","$2a$10$AZinPsONJpZWb.Ti.AQ/TuBiqpQt.Om/1/0v1x1vus2jrU0qUPFgG"
826,"Kaleb","@kaleb826","$2a$10$5SY61ObWmPYv6ac.2IOu4e20MphHPtu99e3kmdVC/yVbVtWd5BO1."
827,"Odell","@odell827","$2a$10$vE2aMb/q9zBfkfqWtcqu/O9Qdt1ZmQEmT0AvN9QVHDdPB/EA840qy"
828,"Estell","@estell828","$2a$10$2qvsuWit0ZWIaGaJAZtxuuy0bkje67K8jBuiOh3..DIh1T2/BWpOC"
829,"Chet","@chet829","$2a$10$nAZPnXQJVaOnik.07hFM9.x5WMmOzfxWqzHQdf63IiYUd.tiGpSUu"
830,"Savanah","@savanah830","$2a$10$Ib3mPZ.JMAVfbXOUYFyN0ePKBEnXivqnutXOO//1BHtlRKbotXecm"
831,"Deion","@deion831","$2a$10$KH1v9tWevUsqs/JabcEo0uE7WP5CyB6gFXmLVwe6zp01h7fAcgP8m"
832,"Olga","@olga832","$2a$10$7SRXKELxT9vw2LfuYyvN8.n1xiI5GOwkJKmeant0WwEcdBnek4d8G"
833,"Tatum","@tatum833","$2a$10$bTljrbk8xoJIwL6bkHcqF.aqz6UP0gDMQjxtZL4BdhijlKWUo9pim"
834,"Leonor","@leonor834","$2a$10$FHA1mI4.6sE4qNz8c4sbxO2Mv/lAPhJ27miAymTWACKKHuhnNFvXC"
835,"Guido","@guido835","$2a$10$vtE3jd.15KO/B8rNYciaLeyXkUrvJy0QYciW/KGBBlrHe58JWZ26i"
836,"Albina","@albina836","$2a$10$p6iI0HFCpLD5B9WL0sCdVu62Fy0qaoehSdPBMXc7JmMadrYP7QNwC"
837,"Avis","@avis837","$2a$10$v4/0WIPmboIPx/Iw.1DFReQOE3RP7Q0yeewzv8uRPQolXIrLVQDh2"
838,"Araceli","@araceli838","$2a$10$a5Nn5qyxOShhtXNbmQ/rj.IBxfuvLWLNKJvSpFSlElWYGhZ6FKyWq"
839,"Deontae","@deontae839","$2a$10$RvU8VoBStFb.mal7Rkv17OUgimFfEZSxyS2j9jf3/d9jm6NQhP/HO"
840,"Toy","@toy840","$2a$10$LgOHR.434eEu.RqIe/O3EOM3U5SZe4pRARqQXDixcLORl8f3Oa0TW"
841,"Chad","@chad841","$2a$10$fZNzx3yLSf1thnhgAy5ItOoDUOds.pEyicNY8L.JUoqeYq1dEdIGG"
842,"Dena","@dena842","$2a$10$R1m2kKIX6A9Bk/.U4kBrL.jHe.QfMKJfIuWxHBgSrmat9B/GHwNYG"
843,"Alexandro","@alexandro843","$2a$10$fgRZD8VkGd3YbFjTfXnVXeU0pIUMjlv.WwNgqfjexYfnaNWebH5oi"
844,"Chaz","@chaz844","$2a$10$gN4wVWnwJoHPwKW5aF6Vh.75uffeRE2/Ci0zjgMUTLNx5zuvc0Qci"
845,"Laurence","@laurence845","$2a$10$UaJ02FMewVPk.0La3.v5uOsZRy/UtJeurh.mYZMKIRDLdA5TzfxgG"
846,"Sage","@sage846","$2a$10$/Vd8scZ3S8v0.B5AzaK3We4gRrUSVXBMymaWjQCQHaoOusYJre2rm"
847,"Kara","@kara847","$2a$10$5RjKPWojw.jODwSjHy72kepcSBzxTsh5lG3gV7O0dCWf9dsbaJdf6"
848,"Lonzo","@lonzo848","$2a$10$IqjPP0by7h0FJcnNPsTyV.zP3Nnvih14iL67CdUrQg0Wtb/sWUpYe"
849,"Chelsea","@chelsea849","$2a$10$jbryLH2Dg1PPxxmUjjo8/.mdzeiFlFy/xpwjd6NR0oUk5N7x.qbky"
850,"Lottie","@lottie850","$2a$10$XsYouuUY2o6zQ5nyMyjWqeeCcVtxOXuwMfZgP5qtr9DqLT8G8jq4S"
851,"Nels","@nels851","$2a$10$abVo0qgTIrVDJTqVX9cGveBCSJTUwuXdosiZjLdGzHVc8aG.8XPDC"
852,"Felicita","@felicita852","$2a$10$YW7q92CbJDxkmTGFjdC5Iu5xth/7QsrQgfw17NLp2aJwzdd713Dbe"
853,"Edmond","@edmond853","$2a$10$KLfNv7N8du8SrIRA2cM10.L9GvfA0QzD2qoHqgxoDyAA1oFlzjWK."
854,"Leonardo","@leonardo854","$2a$10$MmOTTIcHuuk2Wq7l/oCDX.8qxUnD211s9kSU9DDb2Z01z1FfQ751."
855,"Jeremy","@jeremy855","$2a$10$YIzJCH91F5wUvE/qaj6f1ulrraKuN.yROsjWqWqQeOZkqCec5UQiG"
856,"Karson","@karson856","$2a$10$mrs8.oyrLAqSXh25ogm4T.PWnGtTSgqzGvpNi/QptcSDXMqgW0Fjy"
857,"Sheldon","@sheldon857","$2a$10$zJ3qVL.sYPnpKD75MQv2j.fnzbLNjuq802no6Q1sr9u72AGx9tMCC"
858,"Mittie","@mittie858","$2a$10$OO4uMgYOlLMSGDmxmTq5NuwnrU.NSdEya0zXo2fuBnD5rzU7R7Jme"
859,"Colin","@colin859","$2a$10$fmxteTgRZ.wZ6zcFLYbFEu6hKpLzr8j2KslVw1GlsYPMJa9VNCoO6"
860,"Merl","@merl860","$2a$10$Y80lA1PfNkwQC4i6P2yrQeYso7DQ2fl3XrFKdTjFkwFv1qjo0Zjne"
861,"Herminia","@herminia861","$2a$10$PO/lSHyRIirrD5sgJCoIxumch0KPShIrGTtBF2LDtzn.Be1e91wMG"
862,"Sharon","@sharon862","$2a$10$J16hVvsAyPTx2iHb30umFeHMvYsv4t0PjtXlrBais85pWnATjGYxW"
863,"Grover","@grover863","$2a$10$HkcxkJozjqav4m8MQn3aHu7cwSmjnpeTUIgosr7FTeVLccey6Kcyi"
864,"Ray","@ray864","$2a$10$pRDwPaX4x13NPk7iy6eKZOJqPDUnLO5T5krA3q1q66EICoFnjjgq2"
865,"Eleanora","@eleanora865","$2a$10$FB8.pxBPkWrTcFESXFvWv.Djsw4yzXy8jfCKJjmJ1tav3m9pW8a.G"
866,"Sabrina","@sabrina866","$2a$10$.MifDip4bCpOY8rcZNTEMeiXBHIdJ4SGoNZSQBchAa5b8p5eJNyP2"
867,"Elliot","@elliot867","$2a$10$y.vh94Er8aovrL9OVTfJieSsDapjMzA8.IJU3on1U25itD3mEkK.2"
868,"Lauriane","@lauriane868","$2a$10$gGOx8Xl734PAnQS8fVqe9.S7nGb8tgud7AlKPH4fTRzBzRlIiiIJO"
869,"Mariela","@mariela869","$2a$10$3H2c6ZCD4gJ1sNPH5qoEcOmSHhHXbtMh3EqIRs8lCQIsgIhJZRT2e"
870,"Adaline","@adaline870","$2a$10$MzvgrnmsY9VRnksIj77wOebt6iSrx7C06ccHma00KaytWw4Ir4Yli"
871,"Arch","@arch871","$2a$10$Kaf8rB.XtEVYHELlEOGk6O54/k7UHoJA/elop3PL50ea.iU4JOopC"
872,"Hermann","@hermann872","$2a$10$fLddhmQrNejsjQ0/v6cAm.oVj/0Sgr1OjvPNOUWQt5v1wddrWcx5q"
873,"Alford","@alford873","$2a$10$1NqwAG2OzazWA8aHZprjnO/CR2YSyXMb767TfFEAtHVVSRjwPpUze"
874,"Ursula","@ursula874","$2a$10$OnTEC1TL88hdjvzR2TeRjOG4LxpyFX4AO8HrC6BK0iNl4xtPGtbUy"
875,"Ada","@ada875","$2a$10$JdL4Z8cpAvBa86EHt6GNFeRQs48e1ZImDwxT5D1JpgmdTrnxOjQo6"
876,"Moriah","@moriah876","$2a$10$SRZaTtbyZu/RXlPqUGw7tOUXo0tIbBjPTK4MeuOfMTzukmiep8ba6"
877,"Izabella","@izabella877","$2a$10$uCgxNnnytRhZ6wzy.afgi.0AtOBuwUgQ8PgA7P.j2kXnL83knaUlu"
878,"Destiny","@destiny878","$2a$10$5aZwyRXaU8Edebv/YEVsCu/IM4TmjcZxTRZJqUWRmO6BJqUbdt5vi"
879,"Dino","@dino879","$2a$10$MOZmEoqAVD.xSTeaQg8.8uyXSDOTnTsqUi/75VOhX/4rDMshMpvqe"
880,"Webster","@webster880","$2a$10$pRdwFYQVWun225.PSKAeoejDnxEzZWaImifab2VOqsOd0RpAWH7Aa"
881,"Rachel","@rachel881","$2a$10$2T20A3aGwXaa6hg2.q5KR.1pd9/FQwE58gOfmXsauplN2WfXe7Tde"
882,"Ramon","@ramon882","$2a$10$dkVeeh/fkcrX2aRgAx2OcO2svcz1bHexim5hoizqD5NrQU./L5c2i"
883,"Brionna","@brionna883","$2a$10$zHk..AW5f5.ZLqS6ViZhFO78paUr4lIJMvfrClud4XIbx4yosRkem"
884,"Eli","@eli884","$2a$10$MhyJnIKagripM9Tfl56EWu9/wFgQCKIfb0wZzFHqGRfMmeYf/IYEK"
885,"Darien","@darien885","$2a$10$ief8S6GxI27UMVKecQ7AreafuZEDU3q3gmqfzAxTA7LFUEkp2ju9K"
886,"Makayla","@makayla886","$2a$10$vRsSwPI2BK8TI8rkt72Q7ehnboDCE/HQDf61Rni.li6kMEOueCaYq"
887,"Felicity","@felicity887","$2a$10$CGUIRBV25AZeWFDUoKVuBOnIAzyJtVDTEQjUfl2Agt6ZkiNG/XTmm"
888,"Selmer","@selmer888","$2a$10$XDjNKQn8XZEGV.NRhaW86.AmXErnxxU3pxHo35U3k58OwJYot70T."
889,"Angeline","@angeline889","$2a$10$JJdz09X4yo/qC876c9zNs.S7dCi.tgxMEqbQq83OgkkQA23Zs0DEW"
890,"Daija","@daija890","$2a$10$Et4.zat7ducwiEpzZcZ0nuRJt0UCMW8o1MmaRI.zyAMVY519Rgony"
891,"Marcel","@marcel891","$2a$10$RU/FWP6wpDCS5hh.dH3WSOvkQWlZUWVR43nd/msYwvr3ixeYDePfe"
892,"Connie","@connie892","$2a$10$ubH2XXWPmLNb31XkQTJHN.HkpETNpDSOe5j6UZy0FVaPX6bEGZTLu"
893,"Anjali","@anjali893","$2a$10$DFF3M1lsrBjITgeIot040.MjqsTc1J3qm8TKWkshMSKVnCkV6wdIi"
894,"Anabelle","@anabelle894","$2a$10$RlC8SXBwlqjDIqLeUNWdN.8Zyjh/K7i5NQ5fIwUHanof8ddu5U2yq"
895,"Stuart","@stuart895","$2a$10$HTH0eAgHodoYn60uNQsjjOcPeqY3frQ61NyMS3.YwCNZ4fiXx0iY."
896,"Bradley","@bradley896","$2a$10$sDxzHh0bW0..s6fYpJkvYeo25LlUiNajB5Nj5kNVmNLfAucsihDe6"
897,"Armani","@armani897","$2a$10$R8UjnneszdK57Eq7bqUJaeUMpF5IoZyh3F8KHnKhkQDuxqN1HTu.O"
898,"Kelsie","@kelsie898","$2a$10$nWSTxujL6epF.hNUxfEDHumIymAiD0UQW1sZKjIXwztWNoU0OW6kG"
899,"Paolo","@paolo899","$2a$10$UCrpdrbP2e3mN9T5joAPUuFQvVBDVi05pLklPeom9UE.Nxt68Cdr2"
900,"Matteo","@matteo900","$2a$10$qBqBvuxd6JmBpVtgZ51iPebUUjdPqkWf6o6GGOoVh1KhJiwXdi4Ru"
901,"Rosa","@rosa901","$2a$10$Xl/8ryp9STTEt.9BNkoo4u/LdXnzGCmQW8aXFj7F2PxfG4Kg7zlQG"
902,"Pearline","@pearline902","$2a$10$QJqo8t0xWXMDSCPxfPO2VOYMrK0v6OaAcRzZMwkrqKLvthY7KPff6"
903,"Ophelia","@ophelia903","$2a$10$cJMk6U1Mt8ODtfjuCi0Z5OjCDqxfuhccoLRENR5Ot2iopvh0mdO1."
904,"Christ","@christ904","$2a$10$rNS4E8QzMGzAKKdTXRWMT.VX9uAIOEeBr3tbt1h/ijI3VfWY65IC2"
905,"Keyshawn","@keyshawn905","$2a$10$Arc4lvog0fsD8Jd/vP8OqewQCtYhESOqkmBIMwBXVr4FCe/tpp7Q."
906,"Aracely","@aracely906","$2a$10$XTJhZvI4.JOKbI6mr/fPyeuX7icavjziGEHLzhTDkr8v4cwEH7d2m"
907,"Molly","@molly907","$2a$10$LgKrisQrtmsMoIm8RP5HxO8.41D1LmNmYTn9Phb94WnNs8B3ImfH."
908,"Diamond","@diamond908","$2a$10$2ZOYs2SajJXAkdrTv7cnAOLOAX6LuUT6y8zwwdlHgyLDVLnTP8iS2"
909,"Colten","@colten909","$2a$10$p20U4t0A0o0ViQnMXqWbXOLw7T4ksBTLp1B7yfqa/YmtlICa96FZu"
910,"Hallie","@hallie910","$2a$10$D/TYYLs8Dr6RQobZKRh3aeS5EN4GlnIL/OTeriLlCpOGr51S61hCO"
911,"Helena","@helena911","$2a$10$6hSenoGWX1x/fvvmVLhlCu81V6tJUS.1Btchi2nzLFj0vu9C3VEc2"
912,"Franco","@franco912","$2a$10$gEGazgWlMHjOwyb9dQwlqugskQq8E03Aq32UXECUbjNwwKgZz.Nbm"
913,"Benedict","@benedict913","$2a$10$foe/tZNfA4Zt7owS5ozEMukvji97W1hTiSCyJAYb70..OvalEA/92"
914,"Daisha","@daisha914","$2a$10$x9lb1jLe3/.sUjOokHsZoeTfjgSZj8SeeTOcUfjxObKzN8ED0IPly"
915,"Douglas","@douglas915","$2a$10$r0zn4jWERoQ0XRmWP5sTf.8V7Xtts7xFeSR5LC/yAbyw0x1gFm8SS"
916,"Yvette","@yvette916","$2a$10$oKsMhTvI8PIz7SUAXDOoW.n7RAJdud4vmERSQV1QHyq9my9a/Dqmq"
917,"Floy","@floy917","$2a$10$7GUuLgCMUcdcbGFkfaFV/.HXVl3KPaZzumlcIrpa6FoaKIsq9xr/G"
918,"Dayne","@dayne918","$2a$10$KxsCx92T.fryI3rosEWAPOAugZhs0qHnp0jaOfcc22ExMmIgx5EXS"
919,"Dorothea","@dorothea919","$2a$10$c2Soz6kr0JfuCJbBwgRHFekKYVxefkk1VTEvQOnLHl8iHG49LaNXK"
920,"Bernita","@bernita920","$2a$10$O0hC6Vy6ed1oqmMjagdUvOFC3zP/bWPhwreht5g4kZb3qyr90pFpu"
921,"Burley","@burley921","$2a$10$aITSYVAJJTfQX7.ZwMAMquUwh/KJG//0kf4V3qXh/sLH2/SMGyvf2"
922,"Roberta","@roberta922","$2a$10$Yn7Z6Rrbl9SPV4tLVATq4.VkYVBKYwmwMGbg922Uy4XkPgplO9/8W"
923,"Ollie","@ollie923","$2a$10$1NhBK84KZgO6/ecPFB1BheiNCORW82z9T/MburkAwWp6jE9hLAGGa"
924,"Philip","@philip924","$2a$10$.kXZHdRh4zNVQr4zdQnz6u/UuDhazRM.A1sAKhE3h1l0iGwW8EnLe"
925,"Beatrice","@beatrice925","$2a$10$szD5.i9brylpUySMq4zHc.TsgnMm7xiZQc5X5.DJwbw73g0R2ghpO"
926,"Constance","@constance926","$2a$10$fIAJnttk85MiehO6Y.V/9.1Di8QLX4HCHcrbZzixarGf5Q7hz2Ahe"
927,"Justine","@justine927","$2a$10$cs2UfPD40HnpfmjH774Sk.tiBA/q1z6aRKj4KIbs05sXoT7nO7ska"
928,"Ibrahim","@ibrahim928","$2a$10$kM6R4UOKKmnUXqyyZgV5leHJ670i0/zX9A.sZj/KIC1Wpdzk3emym"
929,"Aaron","@aaron929","$2a$10$TSldIhsFlU7kb1PDy3aoj.j.g.ZJB.cbIjgLneEluJOxWvm3tJD1."
930,"Brandy","@brandy930","$2a$10$sYVlihCY0dBoVOdzNlMl7.BAkabGiaIDznFDOcJ5OBs4OZv621n4G"
931,"Rickey","@rickey931","$2a$10$xtBzENIZKZyHaW2vC2j1C.XdGCvRQWVzbSu.vVQi.P3zy5g2pUIkW"
932,"Jillian","@jillian932","$2a$10$AR/fokmkOmV0oYusCRO8dOVo/OW2arwqEo9ZjiaH7sVXHhSTZzvqm"
933,"Dorian","@dorian933","$2a$10$UrFX2sMn8URZlDslPNpYxeALj1BrMQoSitzEIKQdC9wc8g3N4Gaei"
934,"Hazel","@hazel934","$2a$10$4vhInkfehxjzvZ3o0.9aSeAvS3ExR9yW5i30C7F657Hh.y.tiTZBq"
935,"Liza","@liza935","$2a$10$h8zDglhL0SsLMHi2dEkCbOi05p49/mC/aLh06a9EVvAsJ2DmTYI.W"
936,"Arthur","@arthur936","$2a$10$CRWqT6iKvdIV/KLAe9vIc.w27Q5xZWXIephrmaDIpxajdTE.9Uq4u"
937,"Tremayne","@tremayne937","$2a$10$SLyhbKUYeDv7yz676uNHT.IUhP1IZKFWgYBOoRwZJvcssF7TF/01y"
938,"Michael","@michael938","$2a$10$SHFWMWOpyLOMkI4F3ioVueZcZO/.4Iu7Z.o82gnL95A4IaNUtD4ui"
939,"Marcia","@marcia939","$2a$10$luV.LtxHHo7swU8cq8dURu639.SzdgJL5L7.w5yO8ZhmvYLOA5LkO"
940,"Federico","@federico940","$2a$10$zrAZ4/GoC3EcRgB0o7scVehycGDlm5tPTmFSgkXmU0vCJEFhRe3L."
941,"Vicky","@vicky941","$2a$10$fK6Ldk4xdbiMKAjj8VsK7ea1fxoRTqvjVkM9hviFaTpJENrkrEaAS"
942,"Karlie","@karlie942","$2a$10$wvyvwfmECYSdt6Lzg0tFg.qLJrlMFhYzyt3nbdRxebBmxdkOg7w5."
943,"Hal","@hal943","$2a$10$i5dlUhgNFhNyfxeEQONiIOVw5W9zKohQIyA1nVQRuqaaIWbeNpusy"
944,"Desiree","@desiree944","$2a$10$noPDwDBYxnffr.7bJCSNDeXbpflkrd62PEwRo9xtf5NMQI4TcINhe"
945,"Miguel","@miguel945","$2a$10$irhvXHNL.Ro/O/lpqCfoZ.TChHTRrGQVploE4i3vvtPfvCAowsY0q"
946,"Vincenzo","@vincenzo946","$2a$10$rSsS6NEZ42kxZoHuH2GGguJbTHBcZQwmCz7.AO2sVivF3ZNhzI8JS"
947,"Karina","@karina947","$2a$10$J1xUKQCo9zgpEHGXgB6WWeZolaJ21HifmyK7E5kLMuYsLqPFpjc.a"
948,"Bianka","@bianka948","$2a$10$Q.m37pUgM1Cjq/T7dpSxB.SxGFwL2UixWmOCW6WEyC5GxgnPxnLF2"
949,"Lazaro","@lazaro949","$2a$10$g1OHGSYoMjPVbITsbO1oOu25rWxXpKGNvpWk8.13hYw8sYZ.QTnoW"
950,"Paula","@paula950","$2a$10$plMpDDke6QilXqtHJkwUVOhOCPk7dGNFOMsEX.7nkPPXZ89.yDhRO"
951,"Elaina","@elaina951","$2a$10$0FIuiOCVy0L7dd/zjNkFduBXYvWm3Qk0hkvdOhX9vQ60fE5vHGiwC"
952,"Breanna","@breanna952","$2a$10$UFYxdIhzrWMXlhqEJHP1mupJ3veknTUf.WUJ1mlkjcMql/ZjM.pNO"
953,"Macey","@macey953","$2a$10$7ejzevZppibPwRHzKk/ueO21YJuy4j0tHREm/vUOXzguw69szSr7e"
954,"Warren","@warren954","$2a$10$b3.wEarkhL9sxWOoI3/auuy7/TFuxjw6X08o5/ipa.DrV2Fn8075S"
955,"Wellington","@wellington955","$2a$10$sjzVLLicXcv9EOU/h98qd.iu4LfdwRyI4aGRXyoFm/kbXZRz1cSBS"
956,"Maybell","@maybell956","$2a$10$dgMOBFS2JncbUsqDbe3YQeqEZ18TamZftIcOX9z9AjHgK3o6N.DhW"
957,"Angus","@angus957","$2a$10$QYH2gj4Na79sBNB5nr.4BeuRYlqv3qUQf41jIQNC3.POvh5zVaHsG"
958,"Imelda","@imelda958","$2a$10$S8Pxa1SxIEvNh8GGHeIM2eV4T7brnmiDYIlADz.6taUzJGpoQKBKu"
959,"Zita","@zita959","$2a$10$ev0b0orSwfP8KNF4b72speEGgn76bW9b5Kkhmqk1zK.0gF2YjIiKq"
960,"Letha","@letha960","$2a$10$vG2NOm6MgXT5ySN7EOph9Os2Z77YmPbRE5OevSWTaVeg4EvH0LRoG"
961,"Rasheed","@rasheed961","$2a$10$KUtZ/.n6l.Syfk9tvIN/0e/JuO8c026bOkWEylKO4sGK8wnmkJKHW"
962,"Chaim","@chaim962","$2a$10$Af2/8PwfCLpaPOuPB5nVk./pqPimTsAb.JToBMCwPetj1cuAAzvQ2"
963,"Lyric","@lyric963","$2a$10$5p/YyV..9jgxhOjNFSAGCuDTSTO5x1sG5kIbxAT3LPoXWfLkbOOc."
964,"Hailey","@hailey964","$2a$10$BDF.XyqU.cOVoX/tTuBnlunNW0cxa1T60gp6MI3g.eArUBisi/VFm"
965,"Miles","@miles965","$2a$10$uR0w2/ChzzfnAVuEyAiUu.MZ77dpCxRl7A0IIUkoY7jtVjOAL4HAy"
966,"Ryder","@ryder966","$2a$10$Wzfyutw/giF2V9wpmHrxXOhPhNWwbDTzK54S803bsxoQxzo77bGj."
967,"Samanta","@samanta967","$2a$10$/7Gf8Db8FzFn.2cmnHPZaOCUzFbvSp183bA8BAtQER/PremNL9ALu"
968,"Ivory","@ivory968","$2a$10$JC7ARb//vZx56K0tsFSXoeuQNvbczz6yQrnmEzi0dF/redk6xs85S"
969,"Humberto","@humberto969","$2a$10$zVLItZhQTXqyvzfYyfq0vOSef/2uqvcGO9xgWuNYT6Mng1Z1eMnrO"
970,"Harrison","@harrison970","$2a$10$b1SmFZFIZbZr4GjQjkug3u5hVJNWf9LvaKA3NPaKqJ/v2E08aPaOe"
971,"Bulah","@bulah971","$2a$10$imk/rnykPL6zQwHT/F0JkeZdox0LeurNO9YadtUG/QANWQ8wsABCy"
972,"Ashly","@ashly972","$2a$10$IQGQ3Q3072oeYL6HzSpUQ.ue8Aj7lHazq.YwpY/DjsaSm7Of6i5a6"
973,"Lizzie","@lizzie973","$2a$10$cAvwmflpg97MizSg8/0O8.9fh8SO5xoRT39if.Olzd3syOdaiNEl2"
974,"Graham","@graham974","$2a$10$kVbw8FlPOBrO0phBNI872.q5mDJiQATo0AQ9GZqSh2IKKDVbXFO3y"
975,"Cleora","@cleora975","$2a$10$oojAEhDUxWWzse2tFsmmPeJHxAiHpfTiJwIW8Pxz3kLnRuo5rSQ46"
976,"Maurine","@maurine976","$2a$10$OzXtM3SGkdauir4TT9qt5.PO7CQLrMvoz02Q3fjcqrhLt9OEg/2RW"
977,"Gaetano","@gaetano977","$2a$10$y/p29SYT6mMmg9ghVsJWeOEhs4IVI9VSbAmuUvc8FzKSQ0GeMTEFu"
978,"Mariano","@mariano978","$2a$10$r3bSu6K45uc2.EMD5jQ2sOQsXcnrgNz1CVTq7TImZUjdZ2iQjpa0y"
979,"Alfonso","@alfonso979","$2a$10$3XZWXc6ziSdexRSe9rZpr.K0Fb7K/G9NSJqPzV3fDsLNOWO5hihl2"
980,"Keyon","@keyon980","$2a$10$CyqPaiBz3NDf.AExDbR3SeSUruEiD15JkhbjWSS8L9PhKxw0/y3ei"
981,"Kattie","@kattie981","$2a$10$43X.2WvXCyAgHscF/./DWu7ct7W4mTYd4xdsXIPPf06NOTimTWmFW"
982,"Rae","@rae982","$2a$10$UZGxtFHtRPkY.T2ifP0AzOPAkXZdIwGMK6r0PL5KlXL4d1Wg/KWC6"
983,"Jo","@jo983","$2a$10$koLUla/MTV4bDG5/xMI18e50Vo4l71huaHTejH2z0Z8jWaFy1BP.y"
984,"Dana","@dana984","$2a$10$AbLIVgMn67SST7bP8G8gKOeBBag/iKX5AF6JmlJ05VrjvYWAdqyGa"
985,"Evelyn","@evelyn985","$2a$10$VG59XiIerHtxStFEC7m78.odiCBYBevECzVcrEeRkcsjZ09mx1FVO"
986,"Oral","@oral986","$2a$10$dzmCr8Gp8.mOPxMpt.Fe1OUGAHZkToyy85i4FwkVs7CeFshFhxqHe"
987,"Emilie","@emilie987","$2a$10$Y74Pn1o7dQZg8rkHzdNorOi.PAsKWLaUNpfFgq9VZORXHZUXK362u"
988,"Katherine","@katherine988","$2a$10$V18QXuqq7stzP5fFn8jCiui7iEQpDkjZ7Wi9.pTbh9A1FNbWA4zcC"
989,"Tyshawn","@tyshawn989","$2a$10$OHT1aQY5NZcvoywc85xYN.xgNYAeFdFwaCAwwaq.GHhz68KiePVBm"
990,"Everette","@everette990","$2a$10$IGCHE/RpNi65G.R93Gy0A.mOqtFXKQw5VkvdpYNAkL0UCh5a2al.y"
991,"Phyllis","@phyllis991","$2a$10$TAKpuU0nKgkpM.RnM4c/FeBEryhF3cu7aDeCusFZ2kR5zjLF4LOEe"
992,"Kaylah","@kaylah992","$2a$10$Xa7iWdY/sJLinoQobWtYMeTS3T5PWXg5oKyY8gsCqgD3usk1sraKW"
993,"Leonie","@leonie993","$2a$10$YIfqNQYSCVJO8xHj7iQG1OdQh3HA5M9p47OCSuTrg4yuw1quqhG/C"
994,"Jon","@jon994","$2a$10$8bO1nO9zSnNw09bLVvK1yubc/6bD8VjssssKWsz5Xtmza0SZb9nxe"
995,"Jan","@jan995","$2a$10$X8rmTjLNAmzFwrXpJCX9fesWA8w9D1tQU4OmuO16LBy00fOTmnSmm"
996,"Rory","@rory996","$2a$10$E7F1fILs/aLJak8MpWdslu82xSXw91UGQ22HnkvOmTN4d4LQaIwv."
997,"Darron","@darron997","$2a$10$n98nsBEX1rZG8uQBQDMhBO5aEdsnEkipfQo0EOF1FF3lorTy7M.Ri"
998,"Verla","@verla998","$2a$10$7vbJX9mSxCtNSFPbFtRA.Oo8e7hnczPVMvCMnPnJhA7vQq5z7mTX."
999,"Dillan","@dillan999","$2a$10$F/mRts7xU6J63P7UZBJQpuEpxpMoQ2ChrZKDTTH2EZyV88OAW17HO"
1000,"Ahmed","@ahmed1000","$2a$10$8nlHWEXKHN7R2/okKoajfuu6y/Oh7D.JfcXga6fB.CjSwx38Cjitq"
1001,"testuser","testuser@sample.com","$2a$10$m2WcmiQF.TR/WMWe0KvgEuRqBgXlLobrmg5mBLvUeyuwQSaHY.5Pa"
